simulation,annualized_return,annualized_volatility,sharpe,cumulative_return,max_drawdown,selected_tickers
random_top15_0000,0.6739071574216204,0.438850495155483,1.3474237541457479,0.18734553143127153,-0.06954414500719064,"MSFT,AAPL,NFLX,MU,GOOGL,INTC,TXN,QCOM,CRM,INTU,CSCO,KLAC,COST,CRWD,ANET"
random_top15_0001,0.33642638037689365,0.36873642875393087,0.9226698503625014,0.10149284372674194,-0.0684938752356562,"NFLX,MSFT,AVGO,AMD,PLTR,AMAT,GOOGL,ADBE,TXN,ANET,CSCO,KLAC,INTU,QCOM,CRWD"
random_top15_0002,0.16976089098708735,0.32517024744193235,0.600609056903295,0.05365645582569489,-0.09702808868367663,"COST,META,TXN,MSFT,AMD,NFLX,TSLA,MU,PLTR,QCOM,SNOW,NOW,ORCL,LRCX,CRWD"
random_top15_0003,0.5212133090746602,0.45484804816579955,1.094173339936044,0.15008526376631415,-0.10141032387649296,"LRCX,QCOM,CRM,ANET,NOW,INTC,COST,SNOW,CRWD,TXN,AVGO,META,KLAC,GOOGL,AMZN"
random_top15_0004,0.2610533919900264,0.3987651082983353,0.7260932381896158,0.08038320648970654,-0.10397478083999989,"INTC,CRWD,ANET,CRM,IBM,NOW,KLAC,GOOGL,NVDA,TXN,INTU,LRCX,ADBE,AAPL,QCOM"
random_top15_0005,0.24097502255579184,0.3320038353283333,0.7725759383207521,0.07461858401131427,-0.08160837507022378,"PANW,TXN,AVGO,KLAC,PLTR,COST,NOW,NVDA,GOOGL,AMD,AMZN,MSFT,SNOW,ADBE,AMAT"
random_top15_0006,0.557882473067125,0.46733281889186007,1.125641457162815,0.15925300526158948,-0.10164665057618749,"KLAC,QCOM,ADBE,AMD,INTC,ANET,GOOGL,TSLA,NFLX,IBM,AMZN,MU,AMAT,SNOW,INTU"
random_top15_0007,0.7165845545543681,0.4129017690422277,1.4788329948932504,0.19735169547862963,-0.06234095003789564,"AMAT,CSCO,AAPL,NFLX,KLAC,NOW,ANET,LRCX,INTC,GOOGL,AVGO,META,AMD,PLTR,SNOW"
random_top15_0008,-0.013019774502769255,0.23864407204786703,0.0320711150245012,-0.004358897212841439,-0.09337414210571837,"COST,AMZN,MU,NOW,PLTR,CSCO,LRCX,AAPL,IBM,TSLA,ORCL,CRM,NVDA,SNOW,AVGO"
random_top15_0009,0.4672198117922923,0.4088250046123865,1.0927511251938193,0.13631409616671597,-0.08140600160914169,"AMAT,LRCX,META,CRWD,GOOGL,ORCL,INTC,TSLA,AMD,NFLX,INTU,ANET,AAPL,NVDA,NOW"
random_top15_0010,0.09906661675833894,0.3350657667935178,0.40137793868290866,0.031988059210216635,-0.10123887190214964,"PLTR,QCOM,KLAC,CRWD,ANET,AMAT,ORCL,TSLA,NVDA,INTU,GOOGL,AVGO,MU,ADBE,SNOW"
random_top15_0011,0.05712294988895539,0.33010875004227497,0.28638547298462075,0.01868950946434511,-0.1137609105011963,"TSLA,NVDA,MU,META,LRCX,CRM,INTU,NOW,QCOM,AMZN,MSFT,NFLX,ADBE,ANET,TXN"
random_top15_0012,0.7183792804160261,0.44266533694443616,1.4047519974625635,0.19776883573719628,-0.09638386605320948,"ANET,AMZN,LRCX,KLAC,AVGO,MU,META,ORCL,AMAT,AAPL,NVDA,QCOM,TXN,CRWD,IBM"
random_top15_0013,0.6339836299630668,0.4250257179031598,1.3250165121954638,0.1778298785817345,-0.08389810370343709,"LRCX,MU,INTC,NVDA,PLTR,INTU,META,IBM,GOOGL,AVGO,NFLX,TXN,MSFT,AAPL,CSCO"
random_top15_0014,0.5752677015511649,0.3727587693374988,1.3726295204931878,0.16354930078606733,-0.07826029041753968,"AAPL,NOW,TXN,AMZN,NVDA,LRCX,ANET,AVGO,CRM,AMAT,CRWD,GOOGL,MU,PLTR,KLAC"
random_top15_0015,0.12220993207394115,0.4798898413487208,0.4060044477298753,0.03918141085654847,-0.10344442647561791,"NFLX,AMD,CRWD,SNOW,INTU,CRM,AMZN,TSLA,ORCL,QCOM,PANW,MSFT,AVGO,ANET,INTC"
random_top15_0016,0.7068903587523343,0.38950199285139747,1.5374424453549171,0.19509347465381466,-0.06388059434014692,"NVDA,INTC,INTU,CSCO,TXN,LRCX,ANET,AMAT,AAPL,IBM,ADBE,NFLX,KLAC,AMZN,CRWD"
random_top15_0017,1.0586816066229345,0.5588452262816188,1.5186948171753416,0.27212482594840637,-0.0993574969219595,"IBM,QCOM,GOOGL,INTC,AMD,MU,TXN,ORCL,KLAC,ANET,LRCX,PANW,TSLA,AAPL,CSCO"
random_top15_0018,0.49133422324946885,0.39053869330869,1.1775709236320444,0.1425055753245461,-0.09469405508465545,"IBM,AMD,INTU,CSCO,QCOM,META,KLAC,TXN,GOOGL,COST,CRWD,AMAT,AMZN,MU,NOW"
random_top15_0019,0.1851744572413967,0.37276216275772744,0.5887068382326808,0.05826417492868008,-0.09368647802213581,"NOW,ANET,KLAC,PANW,COST,PLTR,MU,AVGO,META,ADBE,MSFT,CSCO,QCOM,AMD,INTU"
random_top15_0020,0.00230153957387369,0.28378365571591463,0.10993492080703915,0.000766592044429304,-0.09633255514169159,"TXN,IBM,NVDA,NOW,SNOW,CRM,MSFT,CSCO,ORCL,PANW,LRCX,AAPL,KLAC,QCOM,AVGO"
random_top15_0021,-0.03273485999337755,0.31122933975235517,0.0038182968692688636,-0.01103289715836031,-0.08985248526702705,"NOW,AVGO,NFLX,AMZN,COST,META,TSLA,CRM,TXN,GOOGL,QCOM,PLTR,AMD,INTU,MSFT"
random_top15_0022,0.2002852159704669,0.30175715090772,0.7174733398335865,0.06274275340085245,-0.08832103849538564,"LRCX,CSCO,INTU,NFLX,IBM,MU,ADBE,CRWD,SNOW,TSLA,AVGO,COST,TXN,AMD,PLTR"
random_top15_0023,-0.021197601598126337,0.23132003631657574,-0.007717034022361301,-0.007116390075279866,-0.09384270381605198,"PANW,PLTR,COST,INTU,ANET,SNOW,NOW,TXN,KLAC,QCOM,TSLA,LRCX,AAPL,IBM,GOOGL"
random_top15_0024,0.17701884267819157,0.25109389804416304,0.7435803249254999,0.05583115254253701,-0.07200640788751411,"NVDA,QCOM,COST,MSFT,AMZN,NFLX,IBM,ADBE,CSCO,TSLA,AMAT,PANW,NOW,KLAC,MU"
random_top15_0025,0.1170180165798298,0.3067080135802004,0.47295233586489116,0.03757633860853571,-0.10256309041436362,"TXN,TSLA,META,PANW,IBM,MSFT,MU,SNOW,COST,CSCO,ANET,ORCL,INTU,KLAC,PLTR"
random_top15_0026,0.19848733258151752,0.3382740642288605,0.6603301320040821,0.062211867823008804,-0.10441119058810111,"COST,AMZN,GOOGL,ORCL,AAPL,AMD,TXN,INTU,IBM,MU,TSLA,CRM,SNOW,AMAT,PANW"
random_top15_0027,0.34887382632437003,0.3111062502809488,1.0821261469883077,0.10490204118528945,-0.05565461350465284,"ADBE,INTC,KLAC,AAPL,CRM,PLTR,ANET,AMAT,IBM,INTU,NFLX,NVDA,MSFT,TXN,COST"
random_top15_0028,0.062229356848881645,0.30739066619960465,0.3077834317590252,0.020327127180753024,-0.10827381429395155,"AMAT,PANW,AMZN,MU,QCOM,CRWD,AAPL,TXN,GOOGL,NVDA,SNOW,NOW,ADBE,PLTR,IBM"
random_top15_0029,0.14478698238550258,0.35795926791988086,0.505626444944314,0.04610407561733054,-0.10248553966116336,"NVDA,CRM,AVGO,KLAC,MU,CSCO,AMZN,MSFT,PANW,ANET,QCOM,LRCX,NOW,ADBE,INTU"
random_top15_0030,0.3937833256805159,0.3068095893519302,1.2064394062433206,0.11703064586696721,-0.07503942825494225,"AMZN,ADBE,PANW,KLAC,INTU,SNOW,AMAT,COST,NFLX,LRCX,TSLA,GOOGL,AAPL,AMD,MU"
random_top15_0031,0.6431349992683832,0.47652511005668147,1.2272185303527623,0.18002465697504721,-0.10486505166774118,"AAPL,QCOM,INTC,ANET,NVDA,ORCL,GOOGL,CSCO,META,ADBE,SNOW,LRCX,MU,PANW,AMAT"
random_top15_0032,0.3731084825607396,0.35079958713885595,1.0394001832170623,0.11147990860816259,-0.08729514073585243,"META,PLTR,TSLA,QCOM,TXN,COST,AMZN,AVGO,SNOW,LRCX,CSCO,ANET,NFLX,ORCL,MU"
random_top15_0033,-0.018693989806976563,0.306366112979236,0.04967705557633916,-0.006270567769527391,-0.11575253925016571,"ADBE,NOW,KLAC,PANW,LRCX,IBM,TSLA,CRM,AAPL,SNOW,MSFT,AMD,CRWD,GOOGL,TXN"
random_top15_0034,0.2702263170596704,0.3066446670363671,0.8976409714840954,0.082996456049653,-0.08901113392114623,"GOOGL,IBM,PANW,ORCL,TXN,PLTR,NOW,NFLX,AVGO,TSLA,COST,META,LRCX,MU,ANET"
random_top15_0035,0.4543024189572946,0.4003812372359718,1.0874819436628054,0.13296956137302085,-0.0817098697393529,"CRWD,AMD,AVGO,MSFT,TXN,AAPL,ANET,KLAC,QCOM,ADBE,COST,NVDA,LRCX,CRM,CSCO"
random_top15_0036,0.519170838143636,0.3860253794145888,1.2348244090998097,0.1495703090698557,-0.06856598867234331,"PLTR,ANET,TXN,QCOM,NFLX,GOOGL,INTC,AMAT,INTU,MU,CRM,AAPL,TSLA,MSFT,COST"
random_top15_0037,0.40274846376131257,0.3781218925958021,1.0391371525996789,0.11942052926068136,-0.08547710107450912,"AMAT,PLTR,NOW,IBM,TXN,AMZN,META,CRM,AAPL,COST,INTC,QCOM,INTU,AMD,LRCX"
random_top15_0038,0.46964048328316554,0.4418746096319892,1.0369131305141022,0.13693866330091042,-0.09468735719906907,"GOOGL,IBM,AAPL,INTC,AMZN,MSFT,CSCO,PLTR,LRCX,META,AMD,NOW,QCOM,KLAC,PANW"
random_top15_0039,0.10311271275797607,0.2365198748191449,0.5024776474904469,0.03325289285332711,-0.07850182514779314,"CRM,ANET,COST,LRCX,ADBE,AMAT,SNOW,NOW,NFLX,PANW,MSFT,ORCL,TSLA,KLAC,MU"
random_top15_0040,0.3912645564989621,0.384255286808179,1.0048932797044878,0.1163573611834372,-0.09133475327708829,"LRCX,MU,META,CRWD,CRM,PLTR,SNOW,INTC,AMAT,NVDA,ORCL,ADBE,PANW,CSCO,AAPL"
random_top15_0041,0.4570461295059749,0.3470607957877835,1.2229909872722944,0.1336816066964701,-0.07460746705746202,"CRWD,META,AMD,NOW,NVDA,ANET,KLAC,IBM,NFLX,MU,AMZN,AMAT,COST,PLTR,QCOM"
random_top15_0042,1.1432724589741685,0.4877851557072998,1.7782910860577963,0.28931527449261707,-0.06726559626748907,"TXN,GOOGL,MU,ADBE,LRCX,ORCL,COST,AMAT,INTC,NFLX,AMD,TSLA,CSCO,AAPL,ANET"
random_top15_0043,0.28386461985929734,0.38429084991235585,0.7934762717132974,0.08685867710163375,-0.1168294215891772,"MSFT,META,LRCX,PLTR,CRM,NOW,SNOW,KLAC,AAPL,MU,IBM,AMD,GOOGL,ANET,TXN"
random_top15_0044,-0.12974210816405907,0.28251368543764993,-0.3856974285578575,-0.045265411205784756,-0.08925554113709355,"ORCL,COST,CRWD,AMAT,MSFT,INTU,AMD,NOW,IBM,NVDA,PANW,AVGO,ADBE,CRM,AAPL"
random_top15_0045,1.0584884955536737,0.5235959378303751,1.5965785461625248,0.2720850482145625,-0.08377143455868163,"CRWD,COST,ANET,QCOM,NFLX,SNOW,CSCO,ADBE,TXN,INTC,LRCX,KLAC,MU,AMD,GOOGL"
random_top15_0046,0.2510228079930483,0.33790159771940004,0.7887648894081838,0.07751107465229334,-0.09707860589804607,"MU,AMZN,META,ANET,CRWD,TXN,IBM,NOW,PANW,NFLX,GOOGL,AMAT,QCOM,CRM,AAPL"
random_top15_0047,0.5422016138207884,0.4070882337819886,1.2222701374052307,0.15535039656998983,-0.07110818926632301,"NVDA,QCOM,AMZN,COST,CSCO,PLTR,NFLX,ORCL,ADBE,CRM,AMAT,META,ANET,INTC,MU"
random_top15_0048,0.1558949775139753,0.3155425099418856,0.5736824925316754,0.04947667875499606,-0.08737596406076387,"CRM,QCOM,TSLA,AMD,LRCX,GOOGL,COST,CSCO,AVGO,AMZN,NVDA,ADBE,NFLX,PANW,IBM"
random_top15_0049,-0.1005475470770878,0.27965482440700934,-0.27570249973081695,-0.034706451740526,-0.07626378560498615,"ADBE,ORCL,TSLA,AVGO,PLTR,AMZN,PANW,GOOGL,KLAC,NOW,INTU,ANET,CRWD,NFLX,CSCO"
random_top15_0050,-0.18424117378030735,0.24906861942522096,-0.7198503410728425,-0.06562632575179239,-0.0985820979790919,"SNOW,QCOM,ADBE,PLTR,CRM,MSFT,KLAC,INTU,TXN,IBM,GOOGL,TSLA,NFLX,AVGO,NVDA"
random_top15_0051,0.1828607950613912,0.28639312550675966,0.6927336045453443,0.057575089090677434,-0.0765109171563042,"COST,META,AMD,AVGO,PLTR,IBM,AAPL,NVDA,CSCO,AMAT,CRM,LRCX,AMZN,ORCL,INTU"
random_top15_0052,0.5714408541035145,0.39832360274517875,1.294604680386133,0.16260632111402162,-0.08272858094155255,"TSLA,INTC,NOW,ANET,META,QCOM,TXN,MSFT,IBM,LRCX,NFLX,GOOGL,COST,AMAT,AVGO"
random_top15_0053,0.07482915089099351,0.2944443092038688,0.3513208001281528,0.02434553530037964,-0.09746594373427331,"MU,MSFT,GOOGL,ORCL,NVDA,COST,NFLX,TXN,CRM,KLAC,SNOW,TSLA,QCOM,NOW,META"
random_top15_0054,0.05212669013800508,0.37838461641090004,0.26955319864943433,0.017082103606327337,-0.12192622370107664,"CRWD,NOW,ANET,PLTR,ADBE,MSFT,LRCX,TXN,PANW,AMZN,CRM,SNOW,AMD,MU,INTU"
random_top15_0055,0.5197405093218639,0.3924889922854248,1.2188381263913586,0.14971398288980353,-0.059220330187927495,"INTC,CRWD,IBM,TXN,AMZN,AVGO,AMAT,NOW,INTU,NFLX,AAPL,PLTR,AMD,COST,ANET"
random_top15_0056,0.09665223635855624,0.3024454570775687,0.41343801324222995,0.031231830114866632,-0.09018537356958711,"MU,QCOM,NFLX,GOOGL,INTU,NOW,META,AMAT,ADBE,CRWD,TSLA,AAPL,CRM,KLAC,AMD"
random_top15_0057,0.5811869699973178,0.4055669773371805,1.2911487637104273,0.16500487389447693,-0.07867972628396236,"AMAT,ORCL,CRWD,QCOM,SNOW,TXN,AAPL,NFLX,ANET,INTC,GOOGL,META,LRCX,KLAC,NOW"
random_top15_0058,-0.04992171690361702,0.29697844786570354,-0.06599612174597089,-0.016925426142071487,-0.10284897110137925,"INTU,NOW,ADBE,NVDA,CRM,CSCO,MU,AAPL,SNOW,TXN,COST,ORCL,GOOGL,QCOM,AVGO"
random_top15_0059,0.21532638975754526,0.3695854133566724,0.6595512827346582,0.067163532878175,-0.07600460697779243,"ANET,PLTR,TSLA,AMD,COST,SNOW,PANW,CSCO,CRM,AAPL,AMAT,NOW,QCOM,ORCL,INTC"
random_top15_0060,0.2324648961260174,0.2901524887836126,0.8302220994555831,0.0721565079648081,-0.08034019313265484,"QCOM,PLTR,TSLA,CRM,LRCX,CSCO,NFLX,AVGO,SNOW,NVDA,AMAT,TXN,MU,INTU,GOOGL"
random_top15_0061,0.27807772747875803,0.3947890014659859,0.7676062044225774,0.08522324824315763,-0.11443084275384208,"AMAT,NVDA,AMD,AMZN,AAPL,MSFT,ORCL,LRCX,IBM,MU,CRWD,META,AVGO,INTU,SNOW"
random_top15_0062,0.16240558387359694,0.41248520408786565,0.5108046332656542,0.0514433917521544,-0.11686322812074845,"AAPL,AMD,QCOM,INTU,ORCL,TSLA,META,NVDA,KLAC,IBM,ANET,MSFT,CRM,AVGO,MU"
random_top15_0063,0.021247487508164964,0.33180367875244143,0.18145145139489782,0.0070329179472918835,-0.09857333149923209,"AMZN,AAPL,AVGO,MSFT,SNOW,IBM,PANW,ADBE,AMD,TSLA,CSCO,ORCL,AMAT,ANET,PLTR"
random_top15_0064,-0.16004672112510732,0.3067370584701068,-0.45427498792943277,-0.05647869759203772,-0.11726656083051701,"MSFT,ANET,CRM,INTU,AAPL,ADBE,META,AVGO,MU,SNOW,ORCL,NOW,NVDA,QCOM,COST"
random_top15_0065,0.19589023743128853,0.36590228386674367,0.6211068209686353,0.061444049848626614,-0.10551955167688731,"ADBE,TXN,CRM,MU,META,AMZN,AAPL,NFLX,PLTR,PANW,MSFT,AMD,LRCX,QCOM,SNOW"
random_top15_0066,0.24351160304565855,0.32340689279370316,0.7934286309388945,0.07535026712440507,-0.07984926681450255,"TSLA,CSCO,PLTR,META,AMAT,NFLX,ORCL,SNOW,ADBE,IBM,AMZN,KLAC,TXN,CRM,INTC"
random_top15_0067,0.3997509025995434,0.4650697477912024,0.8896071721099957,0.11862258992992203,-0.07904629394954676,"INTU,NFLX,INTC,NVDA,CSCO,AMD,PANW,QCOM,TXN,NOW,AVGO,ANET,TSLA,AAPL,MSFT"
random_top15_0068,0.5822647607884932,0.46792324397865565,1.159303544168706,0.16526951608266738,-0.10108686238097808,"LRCX,PANW,MU,META,KLAC,INTC,ADBE,QCOM,AMD,AMAT,INTU,MSFT,PLTR,SNOW,NVDA"
random_top15_0069,0.21319531924474844,0.3703147797703484,0.6552975403289896,0.0665394121150864,-0.08893910962478735,"AMAT,KLAC,AVGO,INTU,IBM,CRM,NVDA,AAPL,GOOGL,INTC,PANW,ORCL,TSLA,ADBE,AMZN"
random_top15_0070,0.5511288211763858,0.42972895165319935,1.187573553153942,0.15757540071779363,-0.0890931640840339,"SNOW,CRM,TSLA,AMD,LRCX,CSCO,QCOM,AMAT,MSFT,AMZN,NVDA,NFLX,IBM,TXN,INTC"
random_top15_0071,0.07080929767562827,0.33087699111622965,0.32414303732383154,0.02306692502211427,-0.0871694910465084,"META,CRM,AAPL,INTU,TXN,NOW,INTC,AVGO,CRWD,PANW,ADBE,IBM,NFLX,TSLA,KLAC"
random_top15_0072,0.4567335174151499,0.4543408186042068,0.9992222686594877,0.13360052303019376,-0.11810510652862294,"IBM,CSCO,GOOGL,SNOW,AMZN,QCOM,CRWD,MU,ANET,PANW,META,TXN,AVGO,KLAC,NVDA"
random_top15_0073,0.007068309698097464,0.3893247086935635,0.154853420077899,0.002350573706820569,-0.09911010618262861,"INTC,AMD,ORCL,TSLA,COST,CRWD,MSFT,NOW,CSCO,CRM,PLTR,AVGO,IBM,QCOM,SNOW"
random_top15_0074,0.4936256594191908,0.41173310986900435,1.1317042755271063,0.14309042944599093,-0.08210649173425033,"PANW,ORCL,SNOW,AVGO,LRCX,AAPL,INTU,AMAT,TSLA,INTC,NFLX,MU,ANET,QCOM,CRWD"
random_top15_0075,-0.12443214538766267,0.24159102392218537,-0.4584754225745738,-0.043327545396162126,-0.09762021909122698,"ORCL,LRCX,AMD,TSLA,IBM,MSFT,PLTR,META,ANET,PANW,COST,CRM,NFLX,SNOW,NOW"
random_top15_0076,0.029796767566265814,0.28279665803904114,0.20633148723912448,0.00983520742615629,-0.10525684607675945,"PANW,NOW,ADBE,TSLA,LRCX,COST,TXN,SNOW,QCOM,KLAC,GOOGL,AMD,CRM,IBM,AAPL"
random_top15_0077,0.6207220394723969,0.4126203580617505,1.3346918090701412,0.17463475340714973,-0.07155294500410048,"PANW,ADBE,META,ANET,AAPL,GOOGL,MU,NFLX,KLAC,CRWD,INTC,AMAT,CSCO,ORCL,NOW"
random_top15_0078,0.3232415075552235,0.35466078935533213,0.9245655410897731,0.0978585078826637,-0.09503369963914865,"MSFT,AVGO,CRM,TSLA,COST,AAPL,GOOGL,IBM,MU,KLAC,INTU,LRCX,AMD,PANW,NVDA"
random_top15_0079,0.4794767499769905,0.4013894354688708,1.131920475271627,0.13946952593847617,-0.09647354593641988,"TXN,KLAC,ANET,PANW,QCOM,MU,AMZN,AVGO,LRCX,META,INTU,ADBE,AAPL,COST,CRWD"
random_top15_0080,0.20052769584285168,0.3336704758250192,0.6704730346000047,0.06281431316369623,-0.09573889862250073,"IBM,ANET,AVGO,AMZN,PLTR,CRWD,SNOW,LRCX,TSLA,NOW,NVDA,MSFT,KLAC,AMD,AMAT"
random_top15_0081,0.11564685080438486,0.3057378615410489,0.46944715428997325,0.03715161502330333,-0.09627261158577416,"PANW,MU,AVGO,PLTR,INTU,AMZN,META,TXN,CRM,KLAC,IBM,COST,CSCO,ORCL,SNOW"
random_top15_0082,0.7287228166888442,0.44584062948362063,1.4088648473975864,0.20016729535377653,-0.08588474156339532,"TSLA,MU,QCOM,NFLX,LRCX,INTU,KLAC,PANW,META,AMZN,INTC,ANET,AMAT,GOOGL,CRM"
random_top15_0083,0.3380718471160862,0.3338558883559527,0.9991438287402992,0.10194472707492919,-0.07039813126189753,"PLTR,CRM,QCOM,AVGO,AMAT,PANW,NFLX,NVDA,IBM,ADBE,MU,COST,CSCO,ANET,AMD"
random_top15_0084,0.13063962618694558,0.3441759464853125,0.4802299355486821,0.04177692593783977,-0.10252013755437683,"QCOM,PLTR,GOOGL,AMD,KLAC,PANW,ADBE,MSFT,SNOW,NOW,NVDA,MU,TXN,NFLX,IBM"
random_top15_0085,0.10222208021396884,0.3174023100635124,0.4212234845058426,0.03297474163725478,-0.09934127038124685,"ORCL,AAPL,INTU,GOOGL,META,AMAT,INTC,AMZN,IBM,ADBE,NOW,NVDA,TSLA,PLTR,LRCX"
random_top15_0086,0.18848157523929587,0.40224103612965895,0.5721701954757422,0.05924758971155253,-0.09949700983236354,"PANW,SNOW,MSFT,LRCX,NVDA,AVGO,CRWD,CSCO,AAPL,INTC,INTU,TSLA,ANET,NOW,AMZN"
random_top15_0087,-0.05908164031797558,0.2992092821513314,-0.09633527047517716,-0.02009498363233253,-0.09741779509592297,"INTU,ORCL,MSFT,AVGO,META,CSCO,QCOM,AMAT,NOW,PLTR,GOOGL,ANET,CRM,TSLA,TXN"
random_top15_0088,-0.0006482179235037799,0.19181761427806554,0.06730155629303525,-0.0002161193453745769,-0.07451577547893584,"PANW,AMZN,IBM,AMAT,NFLX,CRWD,SNOW,NVDA,MSFT,COST,KLAC,LRCX,TSLA,INTU,CRM"
random_top15_0089,0.5031232934990129,0.48077802046440504,1.0235901672287466,0.14550819809600402,-0.09163855739839732,"AMD,TXN,AVGO,GOOGL,IBM,CRM,QCOM,NOW,INTC,NFLX,MSFT,CSCO,AAPL,ORCL,MU"
random_top15_0090,0.6681471379306136,0.41330123738431995,1.4059843397058456,0.18598205615661478,-0.07216064502947628,"INTC,AAPL,AMZN,CRWD,NOW,MU,NFLX,ADBE,TXN,LRCX,PLTR,MSFT,PANW,ANET,AMAT"
random_top15_0091,0.3879151409360104,0.3093435556804229,1.1842661366646452,0.1154607789249964,-0.07623701865086352,"INTU,ORCL,NFLX,QCOM,KLAC,CRM,AMAT,NVDA,ANET,GOOGL,IBM,AMZN,COST,MU,LRCX"
random_top15_0092,-0.15825427914880263,0.20349125404286067,-0.7656992466158002,-0.05580802314108502,-0.0713112110260764,"TXN,MSFT,CRWD,INTU,ADBE,AAPL,SNOW,AMZN,AMAT,PANW,NFLX,NOW,QCOM,COST,PLTR"
random_top15_0093,0.11896799800197622,0.31161695958729374,0.4743980964935902,0.03817975423870079,-0.09023166682796246,"AMAT,CRWD,SNOW,IBM,AVGO,LRCX,AMD,AAPL,CSCO,PLTR,PANW,GOOGL,INTU,MSFT,NVDA"
random_top15_0094,0.35105059017473983,0.3868202695114147,0.9209256233431827,0.1054960720903988,-0.08471452883176156,"NOW,AMAT,QCOM,AMZN,AAPL,INTC,TXN,CRM,ORCL,META,CSCO,ADBE,COST,GOOGL,NVDA"
random_top15_0095,0.5548954526753727,0.3943646863116892,1.2747006554830045,0.1585116297354947,-0.06726944598042495,"KLAC,ANET,ORCL,INTC,PANW,IBM,PLTR,MU,CRM,AVGO,AAPL,NVDA,NFLX,COST,META"
random_top15_0096,0.1041311527162756,0.2572769064131929,0.4794416434062903,0.03357077585917012,-0.08525001762467321,"COST,INTU,PLTR,QCOM,KLAC,NVDA,AMZN,META,AMAT,MSFT,NOW,CRWD,TXN,LRCX,SNOW"
random_top15_0097,0.35589528814510163,0.3380630389486963,1.0334537878405152,0.10681588587150337,-0.09797283697221681,"PANW,MSFT,MU,CSCO,ADBE,AMAT,TXN,SNOW,KLAC,AAPL,TSLA,IBM,CRWD,AMZN,LRCX"
random_top15_0098,0.13736256047765893,0.4101246454642946,0.45775185759845327,0.04383769504997903,-0.11032681803025302,"ORCL,INTC,CSCO,INTU,AVGO,CRM,MU,TSLA,PLTR,GOOGL,IBM,SNOW,QCOM,AAPL,ANET"
random_top15_0099,0.5166386616760665,0.43730391856085193,1.1199141956321448,0.1489312469294386,-0.09973310770212729,"TXN,GOOGL,ADBE,ANET,MSFT,AMAT,AVGO,MU,AMD,QCOM,PLTR,AMZN,COST,PANW,IBM"
random_top15_0100,0.3311653584637435,0.2919104457414614,1.0946048842630036,0.10004555140947025,-0.06488630970815334,"COST,AVGO,ANET,INTU,MU,PANW,LRCX,CRM,TSLA,NFLX,CSCO,AAPL,PLTR,AMZN,TXN"
random_top15_0101,0.3711792532903466,0.4329079537453369,0.8896465750234289,0.11095911833845973,-0.11724388107835004,"INTC,MU,AMAT,AMZN,IBM,TSLA,META,CRM,ADBE,GOOGL,CSCO,CRWD,SNOW,AAPL,ANET"
random_top15_0102,0.3290267849456723,0.3685757058967179,0.9101844159650888,0.09945614574130346,-0.09315617582924429,"PLTR,INTU,CRWD,KLAC,COST,META,IBM,ANET,CSCO,SNOW,LRCX,MSFT,TXN,CRM,INTC"
random_top15_0103,0.14255762376425474,0.2947693136702151,0.5593228970073406,0.045424573175264715,-0.0848136881320849,"AMAT,PLTR,PANW,SNOW,TSLA,CRM,AMD,ORCL,GOOGL,NFLX,INTU,CSCO,LRCX,QCOM,MU"
random_top15_0104,0.30987956638552694,0.37676320850382605,0.8546840224103702,0.09415064940568829,-0.08222250322318958,"AAPL,CRM,NOW,INTC,TXN,IBM,PANW,ADBE,QCOM,AMAT,KLAC,PLTR,AMZN,GOOGL,AVGO"
random_top15_0105,0.7258261885658543,0.4209340084110945,1.471911853866322,0.19949659175507595,-0.079473254951972,"GOOGL,INTC,CRM,TXN,COST,NOW,ANET,LRCX,KLAC,SNOW,MU,TSLA,NFLX,CSCO,AMZN"
random_top15_0106,0.26312785101536607,0.45600531357838175,0.6749787048888103,0.0809752995455626,-0.12165156412837286,"PANW,ANET,ORCL,IBM,META,INTC,CRM,TSLA,TXN,LRCX,MSFT,AVGO,QCOM,GOOGL,INTU"
random_top15_0107,0.599645193284132,0.39394976199662907,1.3518042378365196,0.16952063379952942,-0.07398739234827878,"CSCO,INTC,NFLX,IBM,META,MSFT,LRCX,TSLA,CRWD,TXN,INTU,ORCL,AMAT,COST,AMD"
random_top15_0108,0.36251706090395097,0.28959958080541576,1.1853482665787054,0.1086147427155495,-0.07124075916594075,"LRCX,PANW,NVDA,KLAC,TXN,NFLX,ADBE,TSLA,MU,CSCO,SNOW,AMAT,MSFT,CRWD,PLTR"
random_top15_0109,0.20365636510622442,0.2560492791156921,0.82216755634017,0.06373677142606127,-0.07816447004881544,"KLAC,AMAT,MU,CRWD,INTU,PANW,IBM,NOW,TXN,AAPL,NFLX,ORCL,META,CRM,LRCX"
random_top15_0110,0.13658776988751664,0.25584465323763556,0.5950178983106036,0.043600614583467756,-0.07922947923644241,"LRCX,INTU,NOW,NVDA,NFLX,AMZN,GOOGL,AMAT,TXN,AVGO,TSLA,QCOM,CRM,IBM,KLAC"
random_top15_0111,0.16396621514878018,0.30245592918435793,0.6123883856333626,0.05191373292902357,-0.08309851573878502,"CSCO,TXN,GOOGL,META,TSLA,NOW,CRWD,NVDA,NFLX,AVGO,INTU,MU,PANW,COST,ORCL"
random_top15_0112,0.531766761765126,0.34439207970849944,1.3827105279353165,0.15273871814298157,-0.07551999980205115,"KLAC,AMD,AMZN,AAPL,META,NOW,SNOW,LRCX,NFLX,AVGO,COST,MU,AMAT,GOOGL,TSLA"
random_top15_0113,0.2997725489180858,0.36002136514550326,0.8618257153153951,0.09132922845317815,-0.08061385110099217,"ORCL,META,AMZN,QCOM,INTC,CRWD,NFLX,AAPL,IBM,GOOGL,PLTR,LRCX,COST,PANW,MSFT"
random_top15_0114,0.28838746027617046,0.5231393704077494,0.666094893770211,0.08813345513361659,-0.12557121729567755,"CRWD,MSFT,INTC,GOOGL,ADBE,META,QCOM,SNOW,TXN,AAPL,AMD,CRM,ORCL,ANET,NVDA"
random_top15_0115,-0.03917626563157184,0.19874713404825148,-0.12864620423984013,-0.013233097646438097,-0.061564071613358196,"NFLX,AVGO,ANET,AMAT,COST,CRWD,PLTR,AAPL,AMZN,SNOW,CSCO,NOW,CRM,IBM,NVDA"
random_top15_0116,0.3074551380062702,0.327574937677221,0.943960735071623,0.09347518573681612,-0.08850546836304096,"AAPL,AMD,CRM,LRCX,META,TSLA,KLAC,TXN,NFLX,MU,NOW,CRWD,SNOW,COST,QCOM"
random_top15_0117,0.2910221569481213,0.39992937908442533,0.7859341862815737,0.08887467873506028,-0.10755830700623425,"IBM,KLAC,INTU,META,INTC,MU,CSCO,CRM,NVDA,ORCL,NOW,ADBE,AMZN,PANW,LRCX"
random_top15_0118,0.007720504298585507,0.3141628258874389,0.13737332647806683,0.0025669067846290083,-0.11478995270705039,"INTU,PLTR,QCOM,SNOW,ADBE,META,CRM,MU,AVGO,CSCO,ORCL,ANET,KLAC,IBM,LRCX"
random_top15_0119,0.4207777786738087,0.4226658332959461,0.9906260305350166,0.12419604221063807,-0.10952011572595977,"NVDA,IBM,QCOM,SNOW,MU,AMD,AMAT,ADBE,MSFT,CSCO,AVGO,LRCX,TXN,PANW,ORCL"
random_top15_0120,0.24399662840995706,0.4504050784913176,0.6438481884955604,0.07549006058144148,-0.11548589192702785,"PLTR,ADBE,INTC,INTU,AAPL,SNOW,ANET,NOW,NVDA,TSLA,CRM,TXN,AMD,GOOGL,MU"
random_top15_0121,0.8812942448144339,0.48344886387376856,1.5075187820588967,0.23448431317131524,-0.09302596679614006,"LRCX,KLAC,AMAT,INTC,TXN,QCOM,AMZN,META,AAPL,MU,IBM,ORCL,CRWD,ADBE,CSCO"
random_top15_0122,0.020519696654121455,0.28266533062291543,0.17437106043497452,0.006793640812327473,-0.09981318717852017,"NVDA,TSLA,MU,SNOW,IBM,COST,LRCX,CRM,MSFT,NOW,NFLX,ORCL,PANW,CRWD,AMD"
random_top15_0123,1.083568461926597,0.5025679221464073,1.6753937721082814,0.2772304338507874,-0.07849433011786555,"AMAT,INTC,PLTR,ANET,MU,TSLA,AAPL,TXN,NOW,AMD,KLAC,GOOGL,LRCX,CRWD,PANW"
random_top15_0124,-0.05656911752368765,0.22868665656411147,-0.17076295167821676,-0.01922354937040005,-0.08957818481574886,"AMZN,SNOW,NOW,CRWD,ORCL,TSLA,INTU,CSCO,NFLX,PLTR,CRM,LRCX,META,MU,KLAC"
random_top15_0125,0.2696664924738703,0.2803774004618883,0.9582510002501374,0.08283733030292084,-0.04900301217190817,"CRWD,GOOGL,COST,INTU,NFLX,NVDA,TSLA,CSCO,LRCX,NOW,INTC,ORCL,AAPL,PLTR,KLAC"
random_top15_0126,0.46645681745142675,0.44112670064030096,1.03418659035281,0.13611709056710408,-0.10631923490314532,"CRWD,AVGO,COST,ANET,LRCX,AMAT,QCOM,META,INTC,TSLA,ADBE,MU,CRM,ORCL,SNOW"
random_top15_0127,-0.18903871145478246,0.30079208609339475,-0.5800716820542716,-0.06746163510502501,-0.1265372815073098,"ORCL,QCOM,AMZN,INTU,IBM,MU,SNOW,TSLA,PANW,GOOGL,ADBE,AAPL,CRWD,CRM,CSCO"
random_top15_0128,0.6340239841517756,0.4502310639401767,1.267306512953405,0.17783957471679934,-0.09315137659721884,"PANW,TSLA,META,CSCO,QCOM,INTC,AMZN,COST,ANET,IBM,NOW,NVDA,AMAT,AVGO,MU"
random_top15_0129,0.6873217324868357,0.4806488121659292,1.2734823676617077,0.19050886423492663,-0.08107722709986875,"QCOM,GOOGL,CSCO,MSFT,INTU,KLAC,AMD,AMAT,INTC,ORCL,PLTR,TXN,PANW,MU,NOW"
random_top15_0130,0.7320591484416636,0.4330996583151622,1.4445061479791803,0.20093888291896977,-0.06822234342535793,"NFLX,MSFT,PLTR,CSCO,INTC,AMZN,CRM,MU,LRCX,META,AAPL,ANET,AVGO,ORCL,AMAT"
random_top15_0131,0.042941450370465706,0.2685805583806901,0.2533228047298641,0.014113683595446291,-0.07853546372333042,"AAPL,CSCO,PLTR,KLAC,ADBE,AVGO,INTU,NVDA,IBM,AMZN,TXN,TSLA,COST,PANW,QCOM"
random_top15_0132,0.6746966664369811,0.40496285016067973,1.441382819772805,0.1875321751280894,-0.08079021195431202,"LRCX,KLAC,GOOGL,INTC,AAPL,IBM,ADBE,COST,CRWD,MU,AMZN,NOW,TXN,PLTR,CSCO"
random_top15_0133,0.15780257721922974,0.366139749508328,0.531581507971803,0.05005368651247588,-0.10931980602169755,"ADBE,TSLA,TXN,QCOM,LRCX,AMZN,MSFT,NVDA,META,AMD,ANET,NOW,INTU,COST,CSCO"
random_top15_0134,0.372070504448633,0.35234936767999464,1.0306150662848794,0.11119976986734592,-0.05702107008562518,"PANW,AAPL,CSCO,CRM,NFLX,AMAT,ORCL,AMZN,NVDA,ANET,NOW,COST,MSFT,GOOGL,INTC"
random_top15_0135,0.024010261450356563,0.25174319690647223,0.1860699891212264,0.00794020673207596,-0.09435226560501486,"MSFT,COST,GOOGL,IBM,MU,NFLX,CSCO,INTU,TSLA,ANET,PANW,ADBE,LRCX,CRWD,NOW"
random_top15_0136,0.41453050243613077,0.41332361377102017,0.992272097001838,0.12254589387770731,-0.08167633861599866,"PANW,AAPL,NVDA,SNOW,AMZN,INTC,NFLX,CRM,NOW,TSLA,CSCO,META,KLAC,TXN,AMD"
random_top15_0137,0.02197532621702214,0.32601542622522306,0.18162965350047192,0.007272097150967438,-0.08438090842507762,"AAPL,SNOW,CRM,ADBE,INTU,NFLX,GOOGL,AMAT,CSCO,TSLA,MSFT,ORCL,CRWD,INTC,AMZN"
random_top15_0138,0.24370082521961578,0.4154439416919151,0.6743126543948735,0.07540480884712486,-0.11148319309209798,"GOOGL,AAPL,MU,META,PLTR,ANET,SNOW,INTU,IBM,COST,NVDA,AMD,CRM,INTC,NOW"
random_top15_0139,0.45238197654081347,0.39382429156964693,1.0976201024102223,0.13247063689189487,-0.07755172205730487,"LRCX,GOOGL,AMD,QCOM,AMZN,META,CRM,AMAT,INTC,CRWD,NFLX,NOW,NVDA,INTU,COST"
random_top15_0140,0.8809972187954416,0.4340981186471426,1.6412828387547627,0.23441934136426368,-0.0620611000403779,"INTC,PANW,KLAC,NVDA,AMAT,ORCL,AMD,INTU,TXN,LRCX,SNOW,NFLX,MU,PLTR,AAPL"
random_top15_0141,0.6869824594207139,0.4787789258712215,1.2773791641708776,0.1904290662411876,-0.08633702064790749,"MU,NVDA,AMZN,CRM,META,AAPL,PLTR,CSCO,PANW,AVGO,QCOM,KLAC,INTC,TXN,TSLA"
random_top15_0142,0.2681610112559192,0.3455290398114094,0.8146342460725456,0.08240917692055527,-0.07977974812549293,"NVDA,AAPL,SNOW,INTC,NOW,AMZN,TXN,META,CSCO,MSFT,COST,ANET,PLTR,IBM,NFLX"
random_top15_0143,0.6393245648320229,0.4607179281373165,1.2503315539351665,0.17911179085797801,-0.08023192076772034,"ANET,COST,AVGO,META,TXN,NVDA,NFLX,KLAC,ADBE,NOW,CSCO,INTC,SNOW,AMD,GOOGL"
random_top15_0144,0.19817385399668774,0.4088835316311812,0.5860150498408261,0.062119248374040925,-0.08912975925972355,"NOW,CRM,PLTR,META,INTU,COST,MSFT,CSCO,TSLA,ANET,INTC,AAPL,GOOGL,AVGO,AMD"
random_top15_0145,0.47361377201142196,0.38167774390900155,1.166076064742014,0.13796234237861005,-0.08532440652042483,"COST,IBM,LRCX,GOOGL,AMZN,TSLA,CRWD,PLTR,CSCO,INTC,SNOW,TXN,KLAC,ORCL,PANW"
random_top15_0146,0.4951873969471716,0.4756585728930549,1.0224340046179163,0.14348869643393702,-0.10307160169956764,"NVDA,AVGO,PLTR,PANW,AMD,LRCX,GOOGL,CSCO,SNOW,ORCL,AAPL,ANET,IBM,INTC,META"
random_top15_0147,0.5077303219245157,0.4243251662202295,1.130572523369936,0.14667732071220185,-0.09304609240133987,"SNOW,NVDA,TSLA,AMAT,AVGO,MU,LRCX,TXN,MSFT,INTU,ADBE,CRM,NFLX,INTC,ANET"
random_top15_0148,0.5942055213507442,0.5329539719625738,1.0700593404734908,0.16819345752687953,-0.10094081538268362,"CRM,PLTR,AVGO,AMZN,CRWD,QCOM,MSFT,MU,AMD,INTU,LRCX,NVDA,AAPL,INTC,ANET"
random_top15_0149,0.31370911681216795,0.35168733083002807,0.9082376092275208,0.09521589449395251,-0.08893499693271334,"CRWD,SNOW,TSLA,TXN,KLAC,INTU,MSFT,GOOGL,PLTR,ANET,AMD,ORCL,LRCX,CSCO,AMAT"
random_top15_0150,0.7883333632904717,0.4903061478584504,1.3814125930740004,0.21380659536494218,-0.09644807396267063,"AMD,CSCO,ORCL,TXN,IBM,META,LRCX,AMAT,INTC,NVDA,QCOM,ANET,CRWD,SNOW,COST"
random_top15_0151,0.7364829181072465,0.4478783955978547,1.4133590519942434,0.20196043395556695,-0.08058840251624644,"NFLX,LRCX,NVDA,MSFT,PANW,CRM,AAPL,KLAC,GOOGL,TXN,NOW,MU,AVGO,INTC,META"
random_top15_0152,0.5040145011639401,0.44569214705787796,1.083594651198421,0.14573454546104458,-0.09558216545617448,"IBM,META,QCOM,AAPL,INTC,INTU,GOOGL,AMZN,AMAT,MU,PANW,NFLX,ANET,AVGO,ADBE"
random_top15_0153,0.5889795220779142,0.4721995637597839,1.161532605186899,0.16691556681443132,-0.1022807071654811,"AVGO,GOOGL,AMAT,AMD,KLAC,SNOW,IBM,NOW,META,ANET,ORCL,PANW,INTC,LRCX,CRWD"
random_top15_0154,-0.050684320719709075,0.33685064742616544,-0.0325030492553213,-0.017188526250704328,-0.1022887541752262,"AMZN,NOW,KLAC,ADBE,PLTR,CRWD,QCOM,LRCX,PANW,IBM,INTC,INTU,TSLA,ORCL,CRM"
random_top15_0155,0.3333907368061686,0.4580594130037533,0.7923624131616253,0.10065821124580121,-0.10307278009252308,"NVDA,INTU,CRWD,NOW,NFLX,AVGO,INTC,ADBE,GOOGL,IBM,AMD,ORCL,META,MU,CSCO"
random_top15_0156,0.37349897322635295,0.3926355475423636,0.9528403809197045,0.11158526114664413,-0.0617151617198346,"AMD,NVDA,PLTR,TSLA,AAPL,MSFT,NFLX,INTU,KLAC,CRM,TXN,COST,INTC,CRWD,QCOM"
random_top15_0157,-0.12258110002754385,0.251831612219778,-0.4251310295944832,-0.04265385016940315,-0.1005829294228271,"QCOM,AAPL,NFLX,TXN,GOOGL,LRCX,CRM,NVDA,NOW,ORCL,PANW,TSLA,ADBE,AMZN,SNOW"
random_top15_0158,0.10231866281352908,0.2975090282671586,0.43485015750282807,0.033004912348375326,-0.0945736941031533,"GOOGL,ANET,AVGO,CRWD,ADBE,MU,SNOW,TSLA,COST,NFLX,MSFT,CSCO,NVDA,IBM,AAPL"
random_top15_0159,0.6090498374052893,0.37879334676013876,1.410847675753483,0.17180810782693845,-0.06007002756437241,"TXN,AMAT,ADBE,NOW,AVGO,MU,INTC,KLAC,AAPL,NFLX,COST,CRM,PANW,ORCL,META"
random_top15_0160,0.1495696381698952,0.4063193315187699,0.4873946860759353,0.04755884538909538,-0.11614849212555123,"CRWD,MSFT,COST,AVGO,CSCO,ORCL,AMZN,IBM,ADBE,AMD,ANET,CRM,MU,NVDA,SNOW"
random_top15_0161,0.1422019657210396,0.3502436867679867,0.505781393565248,0.04531608783890406,-0.11012199659244049,"MSFT,TSLA,CRWD,SNOW,ANET,QCOM,CRM,COST,IBM,AAPL,AVGO,AMZN,GOOGL,KLAC,MU"
random_top15_0162,0.5446215175283786,0.43764483168141366,1.1600100616990208,0.15595437632196352,-0.08139019036251416,"PANW,INTC,MSFT,NFLX,AMAT,AMD,SNOW,COST,NVDA,ADBE,ANET,CSCO,CRWD,GOOGL,META"
random_top15_0163,0.2505538353584362,0.3817447845980391,0.7229166776806409,0.07737641513978288,-0.08432449535409414,"ORCL,MSFT,CRWD,ANET,AMD,INTC,NOW,PLTR,CSCO,NFLX,ADBE,SNOW,LRCX,COST,META"
random_top15_0164,0.05748066520896944,0.3474698787337704,0.2830631608458445,0.018804399836984897,-0.09373634243489393,"ADBE,AMZN,CSCO,AAPL,MSFT,SNOW,META,NOW,TXN,INTC,ORCL,COST,PLTR,CRM,NVDA"
random_top15_0165,0.48697913742212706,0.35810852714139885,1.2529658662570402,0.14139235266075745,-0.0856874513394259,"INTU,TXN,GOOGL,META,ORCL,IBM,AMZN,COST,NFLX,KLAC,MU,CRWD,NVDA,AVGO,LRCX"
random_top15_0166,0.8054156833480108,0.43505026945722175,1.5415431142971476,0.2176591509749728,-0.07989462955045101,"INTC,TSLA,TXN,AVGO,AMAT,CSCO,NFLX,PLTR,ANET,LRCX,PANW,IBM,META,ADBE,MU"
random_top15_0167,0.14276106924593357,0.2805834269348162,0.5783313196652046,0.04548661943560006,-0.08197152784102579,"CSCO,QCOM,PLTR,COST,SNOW,TSLA,INTU,MSFT,LRCX,TXN,ANET,AAPL,AMZN,KLAC,PANW"
random_top15_0168,0.24191182183555093,0.35765454811860437,0.7364639593393881,0.0748889221693756,-0.09552934031110605,"META,INTC,ORCL,SNOW,GOOGL,QCOM,AMZN,TSLA,LRCX,NVDA,PLTR,KLAC,NOW,CRM,AMAT"
random_top15_0169,0.209242689259453,0.34105565824132555,0.6814810144033686,0.06537987851956628,-0.09316271146490318,"AMAT,MU,INTU,NVDA,INTC,ADBE,TSLA,META,CSCO,NOW,PLTR,SNOW,COST,AMZN,CRWD"
random_top15_0170,0.24165787405110262,0.33857422683353217,0.7634988998120222,0.07481565226859632,-0.0764761229687565,"CRM,KLAC,COST,MSFT,AMAT,CRWD,TSLA,PLTR,NVDA,ANET,AMD,PANW,TXN,QCOM,INTU"
random_top15_0171,0.46075081829202236,0.4081381530304363,1.0834912068057956,0.13464162731162355,-0.08628256730213046,"INTU,NVDA,CSCO,GOOGL,PANW,ORCL,LRCX,INTC,CRM,AAPL,TXN,AVGO,META,AMAT,ADBE"
random_top15_0172,0.08756375151534979,0.24614244681429895,0.43073446877113725,0.028375152482212673,-0.07846306037221007,"PANW,NVDA,COST,SNOW,CSCO,ORCL,NOW,TXN,NFLX,GOOGL,LRCX,QCOM,META,INTU,KLAC"
random_top15_0173,0.11759769805745068,0.31576892967448217,0.4647516094776306,0.037755792524248655,-0.05999658015669562,"ORCL,AVGO,CRWD,TXN,QCOM,PLTR,INTU,COST,AAPL,INTC,KLAC,IBM,CRM,NFLX,NOW"
random_top15_0174,0.26931497678017324,0.4296482703511001,0.7117108442779477,0.08273739081748954,-0.1292344690727113,"ADBE,SNOW,CRM,KLAC,META,CRWD,ANET,AMD,TSLA,AMZN,MU,TXN,INTU,MSFT,LRCX"
random_top15_0175,0.48413637123797515,0.4375229043190538,1.0659393561805277,0.1406645277219818,-0.08607077907557248,"AMAT,PANW,PLTR,CRM,MU,TSLA,NFLX,NVDA,INTC,META,ADBE,ANET,AVGO,QCOM,AMZN"
random_top15_0176,0.1417381348650979,0.3134690096265365,0.536722646748477,0.045174573023612385,-0.08782438332058662,"COST,ANET,META,KLAC,PLTR,AVGO,INTU,NVDA,TSLA,ADBE,IBM,PANW,AMAT,AMD,MSFT"
random_top15_0177,0.0683156587960525,0.25819140637291443,0.35099348279769976,0.022272154698031343,-0.09944783985862571,"NOW,COST,TSLA,CRM,LRCX,NVDA,AMAT,CRWD,SNOW,TXN,PLTR,IBM,MSFT,MU,QCOM"
random_top15_0178,0.6351970521056898,0.4830060019798388,1.2016434160470792,0.17812136481843965,-0.09041488887009608,"AVGO,IBM,NVDA,MSFT,GOOGL,META,CSCO,NFLX,ORCL,INTC,AMAT,MU,QCOM,NOW,AMD"
random_top15_0179,0.5481850597097138,0.4872503709406904,1.0772015270071311,0.15684264751809018,-0.09364250759306092,"INTU,COST,ANET,MSFT,AMD,ADBE,QCOM,MU,CSCO,PANW,CRM,NOW,TXN,INTC,KLAC"
random_top15_0180,-0.10709437094303587,0.2502181917591198,-0.35973237083441023,-0.03705417707605829,-0.09455991643302675,"GOOGL,ADBE,COST,QCOM,PANW,CRWD,AVGO,AAPL,META,INTU,LRCX,NFLX,AMZN,SNOW,CRM"
random_top15_0181,0.1356866752194097,0.33055226116669356,0.5023342091531116,0.0433247503994858,-0.06933511689136906,"CRWD,TXN,NFLX,ORCL,KLAC,AMD,AVGO,COST,AAPL,QCOM,ANET,SNOW,MSFT,NOW,PLTR"
random_top15_0182,0.6585971061841585,0.3878933587027377,1.4683512841760251,0.18371450055834404,-0.08141208669243016,"PANW,COST,CRWD,AMAT,TSLA,LRCX,TXN,AMD,IBM,AMZN,MU,AVGO,ADBE,PLTR,KLAC"
random_top15_0183,0.014123121392421556,0.24168955235276585,0.14507185007524706,0.004685716894877512,-0.08195070612484623,"LRCX,NFLX,IBM,KLAC,COST,AVGO,ORCL,SNOW,MSFT,CRM,TXN,INTU,QCOM,GOOGL,AAPL"
random_top15_0184,0.7282749259790215,0.4404799805489438,1.4187339974867261,0.20006363689814965,-0.06362553710781582,"CRWD,INTC,TSLA,KLAC,AVGO,CRM,AMD,NFLX,ANET,PLTR,AMAT,LRCX,TXN,ORCL,ADBE"
random_top15_0185,-0.131624048202151,0.29691570176491805,-0.36493606785182864,-0.045954115090081515,-0.11620842395378173,"TXN,MSFT,INTU,GOOGL,SNOW,AMD,TSLA,CRM,PANW,AMAT,AAPL,META,CRWD,NOW,ADBE"
random_top15_0186,0.4173029047444503,0.40257018112708515,1.0177557148997889,0.12327879142905518,-0.07752471454761545,"ADBE,IBM,PANW,INTU,QCOM,INTC,NVDA,AMAT,CRWD,AMD,COST,PLTR,TXN,CRM,KLAC"
random_top15_0187,0.3577709766855315,0.3267623105325391,1.0616185468567654,0.10732602489764131,-0.06507440101642692,"NOW,META,PANW,AMZN,NVDA,NFLX,AAPL,CRM,GOOGL,AMAT,COST,PLTR,INTC,MU,INTU"
random_top15_0188,-0.0404971235247964,0.2720609255459446,-0.05369671101247617,-0.01368547911850504,-0.08691402578536578,"AMZN,META,INTU,NVDA,NFLX,TXN,PLTR,COST,CRWD,ANET,MSFT,IBM,AAPL,QCOM,CRM"
random_top15_0189,0.36439531029314853,0.4575296019258822,0.843282658179747,0.10912392261233017,-0.0985028268144833,"MU,NFLX,META,AMZN,CRM,CSCO,ADBE,GOOGL,INTC,PANW,QCOM,MSFT,PLTR,CRWD,ANET"
random_top15_0190,0.48202698250457576,0.3448434858527626,1.2789872369625939,0.1401238663255544,-0.06217156325013329,"PANW,INTC,CRWD,LRCX,NFLX,KLAC,INTU,TXN,ANET,NOW,SNOW,AVGO,ADBE,AMAT,COST"
random_top15_0191,0.6030182349281974,0.46744660899747414,1.1894871225525319,0.17034208102612158,-0.09891107474284433,"LRCX,CRWD,INTC,AAPL,TXN,IBM,KLAC,PANW,CSCO,ORCL,QCOM,META,GOOGL,AMZN,MSFT"
random_top15_0192,-0.008646125162890095,0.1877477271356212,0.023282532254771046,-0.0028903880147416183,-0.08041770469512899,"PLTR,ADBE,TXN,IBM,NOW,INTU,GOOGL,META,TSLA,AMAT,NFLX,COST,LRCX,PANW,AMZN"
random_top15_0193,0.0713059945277652,0.3237444514199773,0.32757825127320495,0.0232250843922035,-0.07907807002223277,"COST,CRM,NVDA,AVGO,AMZN,TXN,ADBE,AMD,PANW,TSLA,CRWD,MSFT,NOW,CSCO,NFLX"
random_top15_0194,0.900801486103249,0.5004590347095106,1.4851788489061812,0.23873646137475202,-0.07702175325168803,"AMD,INTC,NVDA,KLAC,INTU,NFLX,TXN,ANET,IBM,AMZN,AVGO,MU,AMAT,NOW,ORCL"
random_top15_0195,0.14226446400544068,0.31207437986508163,0.5408814406773939,0.045335153139254736,-0.10354579134364705,"META,GOOGL,NOW,ORCL,TSLA,AMZN,ADBE,TXN,CSCO,SNOW,QCOM,MU,AMAT,COST,AAPL"
random_top15_0196,0.932748281781205,0.5066517022297262,1.5080749797400457,0.24563776118673353,-0.09086733018778925,"KLAC,CRM,TXN,AMD,INTC,IBM,COST,META,MU,MSFT,AAPL,GOOGL,PANW,AMAT,QCOM"
random_top15_0197,0.3930813922118557,0.4865514878587062,0.8572007805168153,0.1168430957067006,-0.11588689756657689,"AMZN,MU,INTC,ADBE,META,ORCL,AMD,CRM,PANW,NOW,SNOW,CRWD,COST,NVDA,TXN"
random_top15_0198,0.14760179034280396,0.36233437058024953,0.5089660182753886,0.046960762502722186,-0.09932177606586057,"NFLX,TXN,QCOM,CRM,META,LRCX,INTU,NVDA,GOOGL,AMZN,ANET,AMD,NOW,ORCL,AAPL"
random_top15_0199,0.35192663225354326,0.40009467751806466,0.9009188917189286,0.10573496070982014,-0.07894608178472662,"KLAC,INTC,CRM,AAPL,INTU,AVGO,NVDA,PLTR,ORCL,AMZN,IBM,ANET,CRWD,AMAT,GOOGL"
random_top15_0200,0.7499161403997585,0.5034899035409723,1.3066276053339154,0.20505188286901532,-0.09249570054986289,"MU,IBM,CRM,INTC,AMD,SNOW,AVGO,NFLX,LRCX,KLAC,ORCL,CSCO,ANET,AMZN,MSFT"
random_top15_0201,0.8146646806410591,0.5480592942203025,1.2966080630319774,0.21973493315114512,-0.09424152158150467,"PANW,AVGO,KLAC,QCOM,INTC,MU,TXN,GOOGL,PLTR,AMD,INTU,NVDA,META,AAPL,CRWD"
random_top15_0202,0.3991576199415734,0.3855827508166002,1.0170617420614079,0.1184645253371428,-0.0892800615137026,"INTU,INTC,ANET,SNOW,TSLA,GOOGL,COST,PLTR,META,QCOM,ORCL,LRCX,NFLX,MU,CSCO"
random_top15_0203,0.0016302123271605407,0.28784302984857363,0.10829918460613795,0.0005431090881720113,-0.09407584541792702,"ANET,CSCO,AMD,AAPL,NOW,PLTR,SNOW,CRM,TSLA,NVDA,QCOM,GOOGL,META,LRCX,NFLX"
random_top15_0204,0.30693370521626395,0.3850866417137176,0.8392965931334481,0.09332980161996951,-0.11058565779294882,"AMZN,PANW,PLTR,META,TSLA,NOW,LRCX,MU,CRWD,GOOGL,SNOW,CSCO,AMD,AAPL,TXN"
random_top15_0205,0.03146083781588449,0.33196300743250357,0.21380862626129862,0.010378852683579964,-0.12669600522286406,"ANET,MU,QCOM,CRM,META,LRCX,GOOGL,ADBE,INTU,AAPL,IBM,SNOW,KLAC,PANW,CRWD"
random_top15_0206,0.04383631608879046,0.3162478691293285,0.24992650579846798,0.014403644309655794,-0.10147207429900607,"TSLA,ANET,AMZN,CRWD,IBM,GOOGL,KLAC,PLTR,CRM,ORCL,INTU,QCOM,COST,PANW,MU"
random_top15_0207,0.19007135191715885,0.4361203393583718,0.555833355762667,0.059719681398925584,-0.1272062459189114,"ORCL,MU,MSFT,AMD,GOOGL,CRWD,IBM,TXN,NOW,INTU,AAPL,AMZN,META,PANW,ANET"
random_top15_0208,0.26774399208180766,0.27265959050252886,0.9752796534842887,0.08229051825824629,-0.06353230796941844,"QCOM,AVGO,KLAC,AMZN,LRCX,TSLA,META,ORCL,COST,MSFT,CRWD,PLTR,NFLX,GOOGL,AMAT"
random_top15_0209,0.2984081818217086,0.39314057396500196,0.8090082730879669,0.0909472398285267,-0.10720065504775644,"TSLA,CRM,INTU,AVGO,AMAT,TXN,NVDA,CSCO,ANET,AMD,LRCX,SNOW,AMZN,MSFT,META"
random_top15_0210,0.27150539393279605,0.32953029851900023,0.8517384899139838,0.0833598482523934,-0.07972273216485026,"SNOW,COST,PLTR,AMAT,AAPL,CRWD,INTC,CRM,AVGO,INTU,NOW,TXN,META,AMZN,LRCX"
random_top15_0211,0.5874743728256497,0.5611073230981677,1.0275583702844027,0.16654699966513142,-0.123173017921263,"INTC,MSFT,TSLA,META,MU,AAPL,PANW,ORCL,ANET,CRM,GOOGL,TXN,AMZN,ADBE,AMD"
random_top15_0212,0.5988274598972194,0.5142849455436543,1.1036235996633836,0.16932131479193857,-0.10680516991023348,"MSFT,PANW,ANET,MU,INTC,AMD,NVDA,COST,TXN,QCOM,AVGO,IBM,AAPL,SNOW,NOW"
random_top15_0213,0.11951780125481837,0.3353666805929761,0.456846832891777,0.03834976242067034,-0.09489933311692111,"ORCL,ANET,MSFT,CRM,GOOGL,AMZN,KLAC,AMAT,IBM,CRWD,QCOM,PLTR,SNOW,COST,AMD"
random_top15_0214,-0.05859705750273858,0.3038060936517221,-0.08955222630066864,-0.019926792051845665,-0.0957766878594416,"SNOW,TSLA,ANET,KLAC,TXN,META,NVDA,NFLX,PLTR,NOW,AMD,CRM,INTU,CRWD,MSFT"
random_top15_0215,0.45082270236368194,0.49491444891290787,0.9320062642291037,0.13206521908918467,-0.11702608199777753,"INTC,TSLA,META,LRCX,ADBE,ANET,TXN,AMD,QCOM,COST,MSFT,AMZN,INTU,GOOGL,CRM"
random_top15_0216,0.3015879418985288,0.376909452824717,0.8377470537009677,0.0918370787844689,-0.0906310746540433,"TSLA,NFLX,PLTR,INTC,TXN,NOW,ANET,MU,COST,META,MSFT,SNOW,NVDA,CRM,PANW"
random_top15_0217,0.1732713966739976,0.31904795785187556,0.6164467126319166,0.054709426852905585,-0.08356355382806391,"NVDA,CRM,SNOW,MSFT,AMAT,ORCL,AMZN,LRCX,AMD,PANW,NFLX,AAPL,GOOGL,TSLA,AVGO"
random_top15_0218,0.6760446456111879,0.41041145808389096,1.4261945875597017,0.1878507083035852,-0.07230876679299902,"PANW,MSFT,SNOW,PLTR,AMAT,META,CSCO,INTC,LRCX,TXN,AVGO,AAPL,COST,ANET,CRWD"
random_top15_0219,1.0630567988336095,0.5039159756609385,1.6504018404441274,0.27302537841530206,-0.0770377377736825,"AMAT,NOW,TXN,AMD,LRCX,MU,AAPL,QCOM,TSLA,ANET,KLAC,INTC,NVDA,PANW,PLTR"
random_top15_0220,0.41493498513729565,0.3971615662419314,1.0261346666852986,0.12265288040624212,-0.10327157599587855,"GOOGL,NVDA,SNOW,IBM,LRCX,CSCO,META,AMD,ANET,NFLX,KLAC,TXN,ADBE,CRWD,AMZN"
random_top15_0221,0.9944544027503466,0.5699485566782189,1.4367063325492544,0.25875546947202843,-0.10401672182871935,"TXN,NVDA,AAPL,NOW,MSFT,AMD,LRCX,GOOGL,KLAC,CRWD,META,MU,ORCL,ANET,INTC"
random_top15_0222,0.4471073235781531,0.4398717622475157,1.0052613002898299,0.13109803299946599,-0.10721763299419851,"PLTR,AMAT,SNOW,AVGO,MSFT,INTC,LRCX,META,ADBE,AMZN,MU,INTU,PANW,NVDA,GOOGL"
random_top15_0223,0.39916696391503725,0.419994019357588,0.954543694935728,0.1184670151399192,-0.0884133445184685,"PLTR,ORCL,IBM,CSCO,KLAC,NVDA,QCOM,MSFT,CRM,AAPL,AVGO,ANET,LRCX,META,INTC"
random_top15_0224,0.15199708785623933,0.3002716845273136,0.57946859259492,0.04829567435229354,-0.06816514603322754,"TSLA,LRCX,COST,AAPL,AMAT,NFLX,ORCL,INTC,QCOM,META,CRM,AVGO,MSFT,NOW,INTU"
random_top15_0225,0.37802718332621144,0.43345806753241384,0.8978544362147118,0.11280549508207405,-0.09493682327696618,"CSCO,ORCL,MSFT,GOOGL,CRM,ANET,PANW,QCOM,LRCX,META,NVDA,NFLX,AVGO,IBM,INTC"
random_top15_0226,0.1328316417088462,0.29509477408548296,0.5293817551397244,0.042449735960274015,-0.058988162222459506,"QCOM,CSCO,PLTR,NVDA,GOOGL,KLAC,PANW,IBM,INTU,ORCL,COST,AVGO,NFLX,AMD,AAPL"
random_top15_0227,0.12084346189791884,0.19334409370620498,0.6634630835622882,0.03875944965353084,-0.06392279047551996,"LRCX,AMAT,COST,NVDA,IBM,CSCO,TXN,ADBE,ORCL,INTU,GOOGL,KLAC,NOW,NFLX,TSLA"
random_top15_0228,0.6070038866400593,0.4646936634313416,1.1974518040467126,0.17131123517916902,-0.08064006467726659,"INTC,AMZN,ORCL,PLTR,KLAC,MU,QCOM,AAPL,PANW,MSFT,NOW,TSLA,NVDA,AMD,AMAT"
random_top15_0229,0.5534506043406182,0.40954051018266674,1.236677857576087,0.15815267905651265,-0.08539033691090636,"NFLX,PANW,CRWD,SNOW,AAPL,MU,AMAT,KLAC,NOW,META,NVDA,AMD,INTC,TSLA,IBM"
random_top15_0230,0.6633649069291283,0.447477333053964,1.3138556061023843,0.18484765010815551,-0.08183794938518696,"QCOM,MU,COST,ORCL,AMAT,AAPL,GOOGL,ANET,SNOW,NFLX,INTU,TXN,META,INTC,AVGO"
random_top15_0231,0.4614529634281104,0.49903718074582765,0.941316709822731,0.13482339581852232,-0.10103220549062875,"AVGO,AAPL,ORCL,INTU,META,CRM,TSLA,NVDA,PLTR,CRWD,PANW,AMD,MU,TXN,INTC"
random_top15_0232,0.3294922906221778,0.3857007839363329,0.8813693777681308,0.09958449613512066,-0.09345736454591258,"ORCL,KLAC,MU,AMD,IBM,AMZN,TSLA,NOW,NFLX,AVGO,META,PANW,ANET,NVDA,AAPL"
random_top15_0233,0.18800701753294358,0.3100601145532685,0.669509793438348,0.05910658597550955,-0.0874737039405411,"NVDA,CRWD,NOW,IBM,MU,AMD,TXN,SNOW,META,CSCO,AAPL,COST,PLTR,NFLX,QCOM"
random_top15_0234,0.2072534817570113,0.3220074150923464,0.702664106657701,0.06479537363536103,-0.08345061481382943,"GOOGL,IBM,NOW,INTC,COST,AAPL,INTU,ADBE,AMAT,SNOW,ANET,CSCO,KLAC,MSFT,NVDA"
random_top15_0235,0.33458201443306956,0.35050659864518147,0.9579649150307555,0.1009858969417663,-0.09820079210793142,"ORCL,AMZN,AAPL,IBM,NOW,MSFT,CRM,KLAC,TXN,ANET,GOOGL,MU,CRWD,COST,LRCX"
random_top15_0236,1.1578079862470632,0.5535443265119128,1.6168641430586428,0.2922233928259472,-0.0758696820622814,"INTC,AMAT,ANET,AMZN,GOOGL,AVGO,NFLX,AMD,CRWD,AAPL,TXN,MSFT,TSLA,MU,CSCO"
random_top15_0237,0.19012446868932154,0.3568667427906119,0.6166663446270999,0.059735447414789755,-0.10213058639039574,"SNOW,TSLA,GOOGL,CRM,MSFT,MU,KLAC,AVGO,CSCO,COST,META,NVDA,ADBE,PLTR,AMD"
random_top15_0238,1.1741281551721614,0.5328240748890041,1.6822322159961245,0.2954730421876217,-0.0737579161164954,"LRCX,AMZN,KLAC,QCOM,ANET,PANW,INTC,NFLX,MU,META,CSCO,NVDA,AMD,ORCL,COST"
random_top15_0239,0.14315208836333215,0.2791534357695043,0.5807105032522026,0.04560585072783718,-0.06741246618805374,"NFLX,MSFT,QCOM,AMAT,TSLA,IBM,AMD,COST,KLAC,PLTR,CRWD,TXN,AVGO,ADBE,INTU"
random_top15_0240,0.1502321402455451,0.31024313167808837,0.5645051761947266,0.047760044344697716,-0.09738241734660857,"COST,CSCO,AMD,LRCX,MSFT,AMAT,GOOGL,IBM,META,PLTR,SNOW,TSLA,AVGO,ORCL,QCOM"
random_top15_0241,0.18611514791889405,0.2961776499641419,0.6865200722491307,0.05854408758142804,-0.09009893237993005,"AMAT,ADBE,ORCL,GOOGL,CRWD,NOW,SNOW,CSCO,IBM,LRCX,MU,NFLX,AMD,AAPL,PANW"
random_top15_0242,0.603721180884258,0.45817822696552857,1.207108900917891,0.17051312649338168,-0.09175090963793975,"PLTR,GOOGL,TXN,NFLX,MU,INTC,INTU,TSLA,AAPL,META,NOW,AMD,ORCL,ANET,LRCX"
random_top15_0243,0.028844152191764838,0.25844311212221094,0.20324392492301854,0.009523728062567738,-0.08174063002990006,"TXN,LRCX,AAPL,KLAC,INTU,CRM,ORCL,AMZN,ANET,COST,PLTR,NOW,IBM,AVGO,MSFT"
random_top15_0244,0.4122177063731993,0.344933295615777,1.136388776447333,0.12193376239204246,-0.08162696891573396,"META,TSLA,CSCO,AMZN,AVGO,GOOGL,ORCL,AMAT,LRCX,AAPL,NFLX,ANET,CRWD,INTU,MU"
random_top15_0245,0.062078092390906336,0.22928828755023217,0.34605333973658153,0.02027869239418867,-0.07330210890375177,"LRCX,CSCO,ANET,INTU,NFLX,NVDA,ORCL,AAPL,PLTR,TSLA,META,SNOW,PANW,COST,TXN"
random_top15_0246,0.446543141908083,0.4027257189288623,1.0697417181200037,0.1309510206998934,-0.08843809932492575,"PANW,ANET,TSLA,KLAC,AMZN,NVDA,SNOW,PLTR,ADBE,INTC,LRCX,CRM,AVGO,AMAT,GOOGL"
random_top15_0247,0.533931075945725,0.33808279882390957,1.4076115504048115,0.15328138444714567,-0.06788603782271174,"MU,CSCO,TXN,COST,ADBE,KLAC,AMZN,QCOM,AMD,NFLX,TSLA,LRCX,AMAT,NOW,CRM"
random_top15_0248,0.5463562868067782,0.432500130628135,1.1736228598335208,0.15638696641166483,-0.08041384555904074,"AMZN,COST,AVGO,IBM,KLAC,INTC,ADBE,AMAT,NOW,CSCO,ORCL,AMD,NVDA,META,CRWD"
random_top15_0249,-0.09296537500426871,0.22937463086108859,-0.3398260720693182,-0.03200163888084995,-0.09264435016304762,"IBM,LRCX,AVGO,GOOGL,ADBE,TXN,INTU,NOW,META,CSCO,NVDA,NFLX,ORCL,TSLA,PLTR"
random_top15_0250,0.37458869897948555,0.3427927495093898,1.0617441468153668,0.11187915843584961,-0.08766700841510422,"PLTR,LRCX,COST,MU,ORCL,PANW,AAPL,GOOGL,META,CRWD,QCOM,TXN,NOW,KLAC,AMZN"
random_top15_0251,0.2520839361164955,0.3358125942829614,0.7947506213279099,0.07781563989162832,-0.0942966811340219,"PANW,CRM,TXN,IBM,MSFT,ADBE,LRCX,INTU,SNOW,AMAT,NVDA,GOOGL,INTC,AAPL,COST"
random_top15_0252,0.03690726344087003,0.32663871811757555,0.22820233091804287,0.012154100511066579,-0.101659509004561,"AMZN,TXN,TSLA,ADBE,META,PLTR,COST,CRWD,AVGO,MSFT,ORCL,PANW,ANET,CSCO,IBM"
random_top15_0253,0.2753276612940667,0.3542155088045618,0.8190277868499148,0.08444432355716769,-0.10074543524287904,"MSFT,CRM,NVDA,ANET,LRCX,IBM,AMAT,AVGO,MU,ADBE,CRWD,COST,PLTR,AMD,SNOW"
random_top15_0254,0.6872310698824653,0.39500227174641867,1.489267253964721,0.19048754117892486,-0.06843573010427295,"AMAT,IBM,INTC,LRCX,MSFT,COST,QCOM,KLAC,PANW,CRWD,CRM,ORCL,MU,AMZN,NFLX"
random_top15_0255,-0.2647474561244971,0.25044104727115624,-1.1192911922122024,-0.0974342581069152,-0.11468074736955214,"NOW,MSFT,NVDA,PANW,PLTR,CSCO,ADBE,ANET,AAPL,TXN,IBM,INTU,META,SNOW,CRM"
random_top15_0256,0.14782479931062253,0.3892593827336235,0.4928280559071788,0.047028575373798676,-0.10456427024764081,"PANW,PLTR,IBM,INTU,KLAC,SNOW,NOW,CRWD,INTC,TXN,QCOM,CSCO,ORCL,ADBE,MU"
random_top15_0257,-0.060146207561323495,0.26267196620986355,-0.1401543338139316,-0.0204646821788822,-0.10497905390978957,"PLTR,PANW,TSLA,ADBE,INTU,MU,CRWD,AAPL,NOW,AMAT,SNOW,ANET,META,GOOGL,CSCO"
random_top15_0258,0.7643040848279887,0.4519601304490487,1.442610697839612,0.2083455486389334,-0.09385058731546636,"KLAC,ADBE,AMZN,LRCX,SNOW,AVGO,CRWD,TXN,MU,AAPL,AMD,META,NVDA,AMAT,CSCO"
random_top15_0259,0.22058024478242677,0.31127902121618695,0.756086650413361,0.06869910461131457,-0.0874860351093838,"NFLX,AMZN,TSLA,NVDA,QCOM,GOOGL,CRM,ORCL,LRCX,MU,AAPL,META,KLAC,INTU,CSCO"
random_top15_0260,0.20736413654926222,0.36334452930358474,0.6482548569744795,0.06482790508324454,-0.07011219881889641,"MU,AVGO,NFLX,PLTR,CRM,QCOM,NOW,INTU,ADBE,TXN,ORCL,INTC,CSCO,COST,PANW"
random_top15_0261,0.06143527751481437,0.28429534657978106,0.3116512428054491,0.020072812152858832,-0.07139132023089634,"CSCO,IBM,AMAT,TXN,CRWD,AAPL,AMZN,PANW,AVGO,QCOM,NVDA,NFLX,INTU,ORCL,CRM"
random_top15_0262,0.18618278371156793,0.32787071488089015,0.6411506612339046,0.0585642076368742,-0.09760440157384886,"COST,META,GOOGL,MSFT,NVDA,QCOM,INTU,PLTR,IBM,AAPL,KLAC,AMD,TSLA,ANET,LRCX"
random_top15_0263,0.4592938403298368,0.49987872635710273,0.9362765191229147,0.13426426480369358,-0.10477588292352769,"MSFT,SNOW,AMZN,INTU,AMAT,META,AMD,QCOM,CSCO,NVDA,TXN,INTC,TSLA,AVGO,ORCL"
random_top15_0264,0.09591543124087543,0.27819662885813773,0.4288545987653185,0.03100082795096437,-0.0661333296646559,"KLAC,ORCL,AAPL,CSCO,AMD,NFLX,PANW,INTU,CRM,NOW,TSLA,ANET,AMAT,ADBE,TXN"
random_top15_0265,0.24331344246387743,0.3063545448730653,0.8239694030223823,0.075293143048208,-0.05215781169112055,"AAPL,SNOW,CSCO,ADBE,MSFT,AVGO,AMAT,PANW,INTC,COST,KLAC,NVDA,NFLX,INTU,CRM"
random_top15_0266,0.053650179913449225,0.2620325146813896,0.29327979146537103,0.01757278180357691,-0.07091553455956434,"INTU,MSFT,ORCL,LRCX,CSCO,AMAT,PLTR,AMD,TSLA,AAPL,NVDA,COST,CRM,ADBE,AVGO"
random_top15_0267,0.24567839808671277,0.4227793787258352,0.6716478313124943,0.07597449707808801,-0.11526977706294417,"GOOGL,NOW,AMZN,PANW,AAPL,SNOW,TXN,NVDA,INTC,META,IBM,ORCL,CSCO,TSLA,ANET"
random_top15_0268,0.16510847971655895,0.3841725779807455,0.5338304954199447,0.05225772084731184,-0.09875753974487911,"CRWD,INTU,CSCO,KLAC,AMZN,QCOM,TSLA,ORCL,MSFT,INTC,TXN,NOW,COST,SNOW,META"
random_top15_0269,0.24314258570935388,0.3084844206517903,0.8204873993669396,0.07524388501811097,-0.07564109065706748,"NOW,CRM,COST,CSCO,SNOW,NFLX,ANET,INTU,AAPL,GOOGL,TSLA,PLTR,LRCX,INTC,MU"
random_top15_0270,0.4703674123925434,0.39367221095124616,1.1298739742875803,0.13712608727531306,-0.07432878257691855,"PANW,TSLA,CRM,LRCX,AMAT,INTU,ADBE,META,INTC,KLAC,AMD,AAPL,ANET,ORCL,NFLX"
random_top15_0271,0.16959959597610497,0.3063588358312206,0.6231071718628948,0.05360802503304085,-0.08043165051125978,"ORCL,MSFT,TSLA,CRWD,ADBE,NFLX,TXN,COST,PANW,NOW,NVDA,AMD,GOOGL,LRCX,CSCO"
random_top15_0272,0.3629762663754743,0.40018106897024025,0.9237289356368151,0.10873927321122046,-0.1054349687036279,"CRWD,GOOGL,SNOW,MU,TXN,AMD,AVGO,TSLA,COST,AMZN,AAPL,LRCX,PLTR,QCOM,ADBE"
random_top15_0273,1.0011473116017755,0.5161987506737177,1.5548063196621853,0.2601619241807436,-0.07536226177657879,"AVGO,MU,IBM,ORCL,KLAC,NFLX,LRCX,ANET,MSFT,CSCO,AMD,NVDA,CRWD,INTC,AAPL"
random_top15_0274,0.23756243443458747,0.3605570930849295,0.7224117856830783,0.07363263956463673,-0.09377503393542541,"MSFT,SNOW,TSLA,PLTR,MU,INTC,INTU,COST,LRCX,ADBE,QCOM,NFLX,GOOGL,PANW,AMZN"
random_top15_0275,0.4026141586912446,0.4660515900743497,0.8956149143087647,0.1193848021019539,-0.11163773400339727,"INTU,AAPL,ORCL,TSLA,INTC,MU,NVDA,SNOW,TXN,CSCO,LRCX,MSFT,ADBE,AMD,CRM"
random_top15_0276,0.5475848734725215,0.47314874933440204,1.1002881878328634,0.156693136800516,-0.09710268878735451,"TSLA,MU,PLTR,INTC,NFLX,AMD,PANW,IBM,MSFT,QCOM,NOW,ANET,GOOGL,AVGO,LRCX"
random_top15_0277,0.27465184069658144,0.33939320500113684,0.8400471244673857,0.08425273375936748,-0.07072591864939937,"GOOGL,QCOM,COST,META,PLTR,CRM,INTC,AVGO,LRCX,PANW,MSFT,TSLA,INTU,NFLX,KLAC"
random_top15_0278,0.14156006932555165,0.24846803797802594,0.6247157074119043,0.045120235038208056,-0.07105899705202223,"MSFT,COST,AVGO,TSLA,MU,CRM,LRCX,ORCL,SNOW,PANW,GOOGL,PLTR,KLAC,AAPL,NFLX"
random_top15_0279,0.19868878734846485,0.3280939752425065,0.672895809521063,0.06227138052422654,-0.0951789723406048,"META,IBM,KLAC,ANET,GOOGL,AMD,CRWD,SNOW,NFLX,INTU,AVGO,LRCX,AMAT,CRM,MSFT"
random_top15_0280,0.6548925146663465,0.47864510906353375,1.236485494961889,0.18283254081738254,-0.0843031454969998,"PLTR,ORCL,AMD,AMZN,COST,AAPL,PANW,META,INTU,MU,CRWD,INTC,CRM,TXN,KLAC"
random_top15_0281,0.46210630291212484,0.41150164538914646,1.0786894670140135,0.13499247743198062,-0.08301980351714522,"ADBE,AMAT,INTC,TXN,NVDA,GOOGL,AMD,AMZN,MSFT,IBM,ORCL,CRM,COST,NFLX,TSLA"
random_top15_0282,-0.0688303481204754,0.26767829526750336,-0.1694315726697503,-0.023490953296034123,-0.08922205433085695,"TSLA,ADBE,META,AMZN,GOOGL,KLAC,ORCL,MSFT,PLTR,CRWD,CSCO,NOW,AVGO,CRM,AMAT"
random_top15_0283,0.23851277817379013,0.3776320798005227,0.703165142874985,0.07390738906868877,-0.09974945862298146,"GOOGL,SNOW,PLTR,MU,MSFT,META,CRWD,AMAT,TSLA,QCOM,PANW,INTC,ORCL,COST,NOW"
random_top15_0284,0.35317591772093393,0.3582786422236364,0.9806794744659353,0.10607545091643766,-0.09092526724853434,"INTC,IBM,META,AMAT,ANET,INTU,NFLX,NOW,MU,ADBE,CSCO,LRCX,TSLA,PANW,ORCL"
random_top15_0285,0.32752626399521745,0.3924081281284651,0.865935166302531,0.09904221421678905,-0.09074981315488406,"QCOM,ADBE,KLAC,AAPL,GOOGL,ORCL,MU,INTU,AMAT,CSCO,TSLA,NVDA,AVGO,AMD,MSFT"
random_top15_0286,0.42909055904706817,0.33686671029061444,1.1924876255838908,0.12638428682814218,-0.06026164568355763,"INTC,TXN,ANET,NOW,META,NFLX,CRM,QCOM,KLAC,PLTR,COST,CSCO,IBM,MSFT,AMAT"
random_top15_0287,0.07542076362812455,0.3570595644475848,0.3309006320802449,0.024533442594188548,-0.10439016785198962,"META,AMZN,GOOGL,AMD,AVGO,IBM,CRM,CRWD,KLAC,NVDA,PANW,NFLX,ANET,NOW,SNOW"
random_top15_0288,0.11085064093472452,0.32089475387214134,0.4433094696738384,0.03566322818629364,-0.10010080379242414,"SNOW,CSCO,COST,INTU,LRCX,ADBE,KLAC,INTC,META,IBM,GOOGL,PLTR,AMZN,NOW,QCOM"
random_top15_0289,0.8226850863236168,0.4754349322729813,1.4531824055045641,0.22152927599207262,-0.06798564376047056,"INTU,AMZN,NFLX,LRCX,INTC,AVGO,TSLA,TXN,MSFT,AAPL,QCOM,AMD,ANET,COST,KLAC"
random_top15_0290,-0.030385559495025416,0.3138760263257286,0.013491241646365563,-0.01023287438251752,-0.10005784662193462,"SNOW,IBM,MSFT,CSCO,ADBE,GOOGL,COST,META,AVGO,NOW,INTU,INTC,TSLA,AMZN,NFLX"
random_top15_0291,0.44078813807161676,0.3740166301385945,1.1224949263609112,0.12944921550532218,-0.08928344058029358,"PANW,META,AMD,AMAT,QCOM,ADBE,KLAC,NFLX,ANET,INTU,NVDA,TXN,LRCX,AMZN,IBM"
random_top15_0292,0.3694676715719165,0.3733567690692157,0.9815478092501696,0.11049667234629457,-0.07294137825435343,"COST,CSCO,NFLX,AMAT,ORCL,ADBE,MU,AMZN,INTC,CRWD,ANET,CRM,SNOW,MSFT,PLTR"
random_top15_0293,0.40503844563714053,0.3330286562881368,1.1532591673806285,0.12002934809287624,-0.07357674581128193,"AAPL,CSCO,ADBE,TXN,META,COST,AVGO,NOW,GOOGL,NFLX,NVDA,QCOM,MU,AMZN,AMAT"
random_top15_0294,-0.06020028045987813,0.28722322160483515,-0.11156718692318497,-0.020483467841824532,-0.08340294373376655,"NOW,INTU,NVDA,CRWD,KLAC,ADBE,TXN,CRM,QCOM,ORCL,NFLX,COST,IBM,AMD,PANW"
random_top15_0295,0.15839654384481916,0.328168633545787,0.5662690519555127,0.050233219198751566,-0.08857971268456044,"PANW,AMZN,CRM,NOW,COST,NFLX,NVDA,MU,QCOM,MSFT,PLTR,CRWD,TXN,META,ANET"
random_top15_0296,0.050038810331789696,0.24702545320491992,0.2878680533935214,0.016408879416071054,-0.08949330323677396,"LRCX,PLTR,IBM,SNOW,AMZN,ADBE,CRM,COST,GOOGL,MSFT,MU,NFLX,ORCL,PANW,KLAC"
random_top15_0297,0.3047923558971972,0.39928494134684045,0.8140424942660416,0.09273235207547881,-0.11167707893685574,"TSLA,AVGO,QCOM,AMZN,NOW,AMD,IBM,COST,ANET,TXN,LRCX,MU,NVDA,CRM,INTU"
random_top15_0298,0.20224862570695423,0.3299921146053549,0.6783579541539551,0.06332191095748718,-0.08589641210468357,"IBM,CRM,COST,LRCX,GOOGL,MSFT,NOW,NVDA,TXN,SNOW,ORCL,INTC,ANET,NFLX,PLTR"
random_top15_0299,0.1651628636522222,0.27151302928526155,0.6638982109161136,0.05227409272078409,-0.08014533084446351,"MSFT,CSCO,SNOW,NVDA,COST,CRWD,AMZN,PLTR,ANET,MU,IBM,AMAT,NFLX,INTU,GOOGL"
random_top15_0300,-0.06589543847019863,0.24043081107287126,-0.19502262855414632,-0.022466091698143176,-0.09447463880574447,"CRM,AMZN,AVGO,PANW,IBM,QCOM,MSFT,PLTR,SNOW,INTU,NFLX,MU,TSLA,LRCX,COST"
random_top15_0301,0.3915042476288668,0.4248131192294655,0.934256774555378,0.11642146727333857,-0.0910503135956151,"SNOW,IBM,INTC,NFLX,AMD,ORCL,AAPL,AMZN,NVDA,CRWD,KLAC,PLTR,ADBE,MU,TSLA"
random_top15_0302,0.6678326030542006,0.45851002315075495,1.2949120215693908,0.18590751114017734,-0.08434645754952197,"NOW,AMAT,AAPL,TXN,ORCL,AMZN,MU,INTC,AVGO,NVDA,ANET,NFLX,SNOW,META,PANW"
random_top15_0303,0.7925162483643249,0.4943831800167094,1.3776218341177742,0.21475221699257485,-0.09756481871764278,"CRM,INTC,NVDA,TSLA,LRCX,MU,AMAT,INTU,CSCO,AVGO,TXN,ADBE,AMZN,GOOGL,ANET"
random_top15_0304,0.24351158764423952,0.4145825710244691,0.6747851000306266,0.07535026268484857,-0.10468860278884129,"PLTR,ORCL,SNOW,INTU,MSFT,NOW,AMZN,AMD,KLAC,COST,META,INTC,TXN,IBM,GOOGL"
random_top15_0305,-0.129069571572343,0.2371033442488384,-0.49320349439996203,-0.04501953443001461,-0.09593364822845596,"IBM,GOOGL,CRM,TSLA,NOW,AVGO,META,SNOW,ORCL,ANET,AMAT,PLTR,AMZN,NFLX,NVDA"
random_top15_0306,0.1451277823832291,0.38657294132292747,0.4884607637295248,0.04620787277212779,-0.1060319682305999,"ADBE,CRWD,NVDA,IBM,AVGO,ANET,INTU,META,AMD,AMZN,CSCO,AMAT,QCOM,PLTR,GOOGL"
random_top15_0307,-0.08774400723193776,0.2543288550402687,-0.266349623888981,-0.03014775596390773,-0.10258464616434115,"TXN,CRWD,MSFT,PANW,CRM,IBM,ADBE,NFLX,SNOW,COST,META,AVGO,LRCX,INTU,AMZN"
random_top15_0308,0.9626305032601858,0.5302626835465971,1.4853380672744974,0.2520245598511186,-0.09114531494171063,"QCOM,INTC,AVGO,NVDA,AMAT,MU,AMD,LRCX,CSCO,TSLA,META,AAPL,TXN,INTU,ORCL"
random_top15_0309,0.2114473794353171,0.33920566657036666,0.6899680872640331,0.06602695197404151,-0.08964667646243318,"QCOM,NFLX,IBM,AMD,CRWD,TXN,PANW,AMZN,ORCL,NOW,KLAC,META,LRCX,CSCO,CRM"
random_top15_0310,0.2995524594677583,0.28859488937355765,1.0206864978118824,0.09126762700643387,-0.07187899511475271,"AAPL,AMAT,MU,NFLX,COST,INTU,SNOW,GOOGL,ORCL,CSCO,AVGO,NVDA,ADBE,ANET,LRCX"
random_top15_0311,0.3920485140342762,0.39714896809565153,0.9831667472554732,0.11656700557483868,-0.10207239057509487,"MU,TSLA,INTU,INTC,IBM,AVGO,NOW,META,TXN,ADBE,KLAC,LRCX,AAPL,CSCO,CRM"
random_top15_0312,0.3765778208765862,0.43991232016266246,0.8878636671469992,0.11241522114590041,-0.10809964907844682,"META,INTU,NVDA,TSLA,ADBE,TXN,MU,AVGO,INTC,NOW,PANW,KLAC,IBM,QCOM,CSCO"
random_top15_0313,0.1427989407154966,0.30888137325091,0.5440833382307597,0.04549816856235189,-0.08969098555328125,"TXN,ANET,AMZN,AMAT,LRCX,AAPL,CRM,PLTR,NVDA,ORCL,MSFT,SNOW,AVGO,PANW,TSLA"
random_top15_0314,0.010487643222986565,0.318644811578075,0.14625703350264166,0.0034837306021291425,-0.09305255581568506,"INTU,LRCX,AVGO,AMZN,PANW,ADBE,NFLX,NVDA,SNOW,TSLA,PLTR,AMD,GOOGL,QCOM,CSCO"
random_top15_0315,0.09734702088492742,0.28837329534700545,0.4256270586972559,0.03144956327237347,-0.08230968251365256,"QCOM,AVGO,ADBE,TSLA,TXN,CSCO,NFLX,KLAC,MSFT,NVDA,GOOGL,LRCX,SNOW,ORCL,PLTR"
random_top15_0316,-0.13408138951467496,0.16715320642211917,-0.7943484918577507,-0.0468548890252688,-0.08223964570384912,"AAPL,CSCO,META,SNOW,MSFT,COST,NOW,PANW,NFLX,TSLA,QCOM,KLAC,INTU,LRCX,IBM"
random_top15_0317,0.11254456338202146,0.33572945972367607,0.43762658816592725,0.03618938419676043,-0.09513006756330644,"SNOW,ADBE,CSCO,ANET,CRM,AVGO,INTC,AMZN,PLTR,NOW,AMAT,INTU,IBM,LRCX,NVDA"
random_top15_0318,-0.06405587301852467,0.30681424877899566,-0.10282120732211814,-0.02182481500569522,-0.1106622618995049,"AMZN,META,AVGO,PANW,AMD,ORCL,NOW,IBM,COST,PLTR,MSFT,TSLA,CRWD,LRCX,SNOW"
random_top15_0319,0.8861600465161681,0.5495033167170057,1.3697747145926857,0.23554769186545,-0.10278621918317221,"GOOGL,INTU,INTC,ADBE,TXN,AVGO,TSLA,PANW,ANET,ORCL,AMD,MU,LRCX,CRWD,AMAT"
random_top15_0320,0.262860271642553,0.33893818991769287,0.8148027396427117,0.0808989633511441,-0.09214378337011464,"META,AMZN,AMAT,TXN,CRM,AVGO,ANET,PLTR,MU,AAPL,ORCL,IBM,CSCO,NOW,NVDA"
random_top15_0321,0.5750575428834692,0.3555501214173166,1.4259556845398775,0.16349755490486917,-0.06806196536141429,"AMAT,CSCO,MU,COST,NFLX,IBM,GOOGL,AMD,ANET,AAPL,SNOW,AVGO,PANW,PLTR,TXN"
random_top15_0322,0.02210746693205423,0.32429325057688035,0.18225631853087795,0.0073155084791720615,-0.0973841149810436,"AAPL,CRM,TSLA,INTU,KLAC,SNOW,TXN,IBM,AMD,NVDA,NFLX,QCOM,MSFT,AVGO,GOOGL"
random_top15_0323,0.22060172257358035,0.26437094786012966,0.8553297101325852,0.06870537298562329,-0.07561293677647418,"MU,PLTR,NFLX,COST,TXN,CSCO,SNOW,LRCX,IBM,NOW,QCOM,ADBE,NVDA,AVGO,KLAC"
random_top15_0324,0.2192118648497412,0.4048010997588937,0.6365505720421336,0.06829958609147324,-0.11817036645122236,"LRCX,QCOM,ADBE,INTU,NOW,IBM,PANW,AMZN,AMD,MU,KLAC,TXN,CRM,ANET,ORCL"
random_top15_0325,0.2480761811511334,0.40747924887849263,0.6891647269332019,0.07666442898740122,-0.08633572072812179,"ANET,CSCO,ADBE,AMD,CRM,ORCL,MSFT,NFLX,PANW,NOW,AMAT,IBM,CRWD,INTC,GOOGL"
random_top15_0326,0.6533484137652676,0.5383064511340268,1.1324060794427353,0.18246454488680475,-0.09581320161797524,"INTC,PANW,AMZN,KLAC,NFLX,ANET,ORCL,MSFT,GOOGL,CRWD,AMD,SNOW,MU,CRM,AVGO"
random_top15_0327,0.3210511142972614,0.3762415615121035,0.8802343024577863,0.09725240286020065,-0.09629458063321839,"COST,MSFT,NVDA,AVGO,META,MU,ANET,KLAC,AMZN,NFLX,SNOW,NOW,PANW,AMD,IBM"
random_top15_0328,0.4109617588333421,0.34010765385957875,1.1457841080208184,0.1216010686742417,-0.07502960950870563,"COST,LRCX,QCOM,MU,CRWD,CRM,INTU,AMD,TSLA,PLTR,ANET,AMAT,MSFT,NFLX,TXN"
random_top15_0329,0.16437410579026612,0.30845293045617966,0.6055166303726582,0.05203659321255838,-0.08453495329640004,"ADBE,CSCO,NVDA,AMD,GOOGL,AMAT,PLTR,AAPL,QCOM,IBM,ORCL,TXN,MSFT,TSLA,COST"
random_top15_0330,0.7241228030903015,0.4408753086017785,1.4120517139724713,0.19910182862321935,-0.06388384537743153,"PANW,COST,NFLX,INTC,QCOM,SNOW,AMAT,AMZN,NOW,AAPL,AVGO,AMD,MU,NVDA,CSCO"
random_top15_0331,0.7478755512402853,0.5000836805288159,1.3114290499908596,0.20458329427082766,-0.0950708601299175,"TSLA,AAPL,MSFT,AMD,LRCX,MU,IBM,INTC,ORCL,ANET,GOOGL,PLTR,QCOM,NFLX,TXN"
random_top15_0332,0.29817693811627777,0.33716026162265117,0.8995646878580758,0.09088247086405987,-0.06291898244990113,"NOW,IBM,AMD,PLTR,ADBE,QCOM,KLAC,NVDA,INTU,COST,NFLX,INTC,AMAT,PANW,GOOGL"
random_top15_0333,0.27101033602547386,0.2478285436340579,1.0660629892958478,0.08321922872042031,-0.05941380370535809,"NFLX,AVGO,AMZN,AMAT,CRWD,ORCL,GOOGL,CSCO,NVDA,LRCX,PANW,TSLA,AAPL,COST,IBM"
random_top15_0334,0.5024546765713891,0.42116500155089814,1.126371661209758,0.1453383251906073,-0.0783505483900232,"MU,QCOM,KLAC,GOOGL,NVDA,AMZN,ANET,COST,AMD,MSFT,AAPL,NFLX,CRWD,AVGO,INTU"
random_top15_0335,0.32556444734068624,0.3486158762286356,0.9391483012421612,0.09850055957318227,-0.07603798870456879,"AMD,ADBE,QCOM,KLAC,TXN,PLTR,NFLX,ANET,CSCO,NVDA,META,INTU,AAPL,CRWD,LRCX"
random_top15_0336,0.056763281473149796,0.34857510509973727,0.2809805675360609,0.018573965666056624,-0.09302909066444309,"INTU,ORCL,KLAC,CRM,IBM,NOW,META,GOOGL,INTC,TSLA,AVGO,ANET,NFLX,CSCO,ADBE"
random_top15_0337,0.42163396789448604,0.3890942774049706,1.0540332910458654,0.12442181790122109,-0.09661912041483467,"CRWD,CRM,PANW,TXN,INTU,ANET,MU,AMD,META,PLTR,MSFT,COST,TSLA,LRCX,KLAC"
random_top15_0338,0.06066694453434063,0.3541594459438174,0.29364579911806016,0.01982662199030938,-0.12002573256774973,"AMD,IBM,MU,AMZN,AMAT,INTU,ANET,ADBE,SNOW,PLTR,GOOGL,NOW,CRWD,TXN,CRM"
random_top15_0339,0.23526401786725004,0.3582252406254281,0.7219701081605374,0.07296757297652467,-0.10565747622587807,"LRCX,COST,QCOM,ANET,TXN,ADBE,CSCO,AVGO,MU,AAPL,SNOW,TSLA,CRM,GOOGL,ORCL"
random_top15_0340,0.5568097660621614,0.34477272862072444,1.4306151882341425,0.15898686957846775,-0.07783205635960377,"GOOGL,CRWD,TXN,COST,ANET,TSLA,CRM,LRCX,MU,NFLX,PANW,META,AMAT,ADBE,KLAC"
random_top15_0341,-0.07618623173381445,0.3013026797002793,-0.1536582069914532,-0.026069103215701994,-0.09975394439721885,"INTU,NFLX,KLAC,CRM,MU,QCOM,IBM,ORCL,PANW,NOW,SNOW,AVGO,ANET,NVDA,CRWD"
random_top15_0342,0.19850554966343648,0.4135703044044839,0.5829998109116007,0.062217249691203236,-0.09461595915750853,"GOOGL,TSLA,AMZN,COST,META,AVGO,NFLX,ORCL,INTC,ANET,NVDA,MSFT,NOW,ADBE,QCOM"
random_top15_0343,0.6519458085924359,0.4513088114200411,1.2868537232162536,0.182130072109165,-0.0656637137043965,"CRM,COST,MSFT,NFLX,INTC,TXN,CSCO,KLAC,ADBE,PANW,PLTR,AMZN,GOOGL,AMD,ANET"
random_top15_0344,0.2626647270419715,0.49906499465474735,0.6431153137976832,0.08084317072675384,-0.11800290574574324,"AVGO,AMZN,AMD,TSLA,PANW,IBM,CSCO,ORCL,INTC,SNOW,NVDA,ANET,GOOGL,INTU,MSFT"
random_top15_0345,0.41549328573222843,0.35957186649878004,1.1061506817804467,0.12280051860360319,-0.08302226581389249,"NVDA,AMAT,LRCX,MU,CRWD,ADBE,CSCO,COST,INTU,AAPL,TSLA,ORCL,PANW,INTC,SNOW"
random_top15_0346,0.3256904410886241,0.32386048006245577,0.9930003822447635,0.09853536231150639,-0.055855408604480794,"AMAT,CRM,PLTR,COST,TSLA,NFLX,ANET,ORCL,SNOW,KLAC,INTU,INTC,TXN,CSCO,QCOM"
random_top15_0347,0.08876707530841998,0.3219851759147185,0.37857843552690884,0.028754291076182437,-0.09214156618512892,"ADBE,GOOGL,TXN,COST,AVGO,META,NOW,CRWD,ORCL,PLTR,QCOM,NVDA,MSFT,AMAT,ANET"
random_top15_0348,0.8426679519350562,0.42572136050324566,1.6170781520150497,0.22597710783477964,-0.06053792694624349,"AMAT,INTC,META,NOW,NFLX,CRWD,COST,QCOM,CSCO,ORCL,PANW,TXN,KLAC,MU,AMZN"
random_top15_0349,0.06251746275856829,0.3708800268585092,0.294292906184677,0.020419365798326483,-0.1098853675176682,"AAPL,MU,ANET,ADBE,COST,GOOGL,TSLA,AMD,PLTR,SNOW,AVGO,AMZN,MSFT,INTU,ORCL"
random_top15_0350,0.13729274211359233,0.3192273763318138,0.5171878044648048,0.043816335536880135,-0.07514232994323433,"SNOW,AMZN,TXN,CRM,AMD,COST,CRWD,CSCO,INTU,NFLX,GOOGL,KLAC,ORCL,QCOM,AAPL"
random_top15_0351,0.11531609121410424,0.3347348297847716,0.44614772343561193,0.03704910894499869,-0.09858987766242955,"PLTR,TXN,ANET,GOOGL,NVDA,COST,SNOW,PANW,AMD,CRM,KLAC,QCOM,ADBE,AAPL,IBM"
random_top15_0352,0.20645195943474381,0.37002413501873554,0.6392534855111829,0.06455967438920585,-0.08627113834841704,"AVGO,QCOM,AMZN,MU,CRM,COST,INTU,ORCL,NOW,NFLX,GOOGL,SNOW,INTC,KLAC,TSLA"
random_top15_0353,0.08323078836303721,0.2716933998295647,0.3918532984392332,0.02700761812883634,-0.07526224046375507,"ANET,COST,NFLX,NVDA,NOW,CRWD,PANW,AAPL,TSLA,MSFT,ADBE,ORCL,AVGO,TXN,LRCX"
random_top15_0354,0.4578951280080772,0.3756333124774736,1.1506677475718206,0.13390175692220008,-0.0858669328470345,"MU,ADBE,ANET,LRCX,CSCO,CRM,TXN,AVGO,AMAT,ORCL,CRWD,NFLX,MSFT,META,NVDA"
random_top15_0355,0.32487162675315595,0.46550089335837186,0.7720622006805764,0.09830914515701461,-0.11943191587503854,"TXN,AAPL,LRCX,AMZN,META,ORCL,IBM,SNOW,CRWD,TSLA,AVGO,NOW,INTC,AMD,MSFT"
random_top15_0356,0.2682177935247665,0.346010179039413,0.8136341622328402,0.08242533173871136,-0.06776768990512383,"AAPL,PANW,COST,AMD,QCOM,ANET,CRM,AMZN,PLTR,CRWD,AVGO,KLAC,ORCL,AMAT,TSLA"
random_top15_0357,0.7119992278107083,0.4673056752984326,1.3326816303358566,0.19628462608466468,-0.06743701172193639,"COST,MU,PANW,NVDA,PLTR,INTC,ANET,CSCO,NFLX,AMD,INTU,KLAC,ADBE,AMZN,QCOM"
random_top15_0358,0.5784842674261168,0.3701158850840431,1.3862262343613252,0.16434071938641526,-0.07319285809354636,"CSCO,AAPL,AMZN,NOW,SNOW,AMD,AMAT,LRCX,NFLX,TXN,ORCL,MU,QCOM,COST,ANET"
random_top15_0359,0.22892240720468804,0.3174444899915701,0.7682475459102786,0.07112828466938725,-0.09293853076705583,"MU,AMAT,AMZN,NFLX,CRWD,NVDA,LRCX,AVGO,SNOW,IBM,MSFT,GOOGL,INTU,PLTR,ANET"
random_top15_0360,0.558902686690514,0.5013669239296493,1.0697297891245416,0.15950600415677685,-0.09449956070345711,"AMAT,AMZN,ADBE,AAPL,QCOM,NFLX,ORCL,INTC,MU,TSLA,ANET,MSFT,AVGO,SNOW,AMD"
random_top15_0361,0.11008456258008614,0.3104080844443668,0.44766000770662806,0.03542509787215686,-0.07158722907794635,"PANW,AMAT,INTC,AAPL,SNOW,PLTR,NFLX,CRM,CRWD,IBM,NOW,COST,AMD,AMZN,ADBE"
random_top15_0362,0.4608325793914907,0.3859757500156469,1.1302577224681003,0.13466279629198907,-0.0763713103026924,"CRM,ORCL,NFLX,ANET,MSFT,NVDA,KLAC,META,COST,CRWD,IBM,INTC,QCOM,CSCO,LRCX"
random_top15_0363,0.7355020444625164,0.486443798125262,1.323155239501147,0.20173407730586446,-0.08185029712727887,"NOW,CRWD,IBM,AVGO,PANW,NVDA,AMD,KLAC,GOOGL,AMAT,ANET,INTC,QCOM,COST,AMZN"
random_top15_0364,0.7741910126581248,0.4594928301032961,1.4323736898363848,0.21059848194523179,-0.07167979453269668,"NFLX,COST,QCOM,LRCX,INTC,PLTR,ANET,PANW,META,AMAT,AMD,AVGO,GOOGL,ADBE,AMZN"
random_top15_0365,0.6002673833328216,0.38741075492608734,1.3728428067434104,0.16967224445682838,-0.08225807740097191,"SNOW,KLAC,QCOM,CRWD,TXN,AMD,AVGO,TSLA,PANW,AAPL,AMAT,LRCX,COST,MU,CRM"
random_top15_0366,0.6935422178046016,0.5344061361322677,1.1856441665775723,0.1919700479418407,-0.10092398900715882,"ANET,AMZN,MU,AMD,INTU,CSCO,SNOW,AVGO,AMAT,KLAC,ORCL,CRM,INTC,META,QCOM"
random_top15_0367,0.5614269390554794,0.3694648742471856,1.3575075520151605,0.16013150982639246,-0.07644522785339214,"MU,AMZN,AMD,ANET,AMAT,ADBE,AVGO,NOW,KLAC,PLTR,COST,LRCX,TSLA,NVDA,PANW"
random_top15_0368,0.10995350485028554,0.34903684501876897,0.4220957274084463,0.03538434848304339,-0.08893043116411403,"NFLX,TSLA,AVGO,IBM,PLTR,KLAC,SNOW,INTC,CRM,TXN,META,CSCO,INTU,MSFT,QCOM"
random_top15_0369,0.17881833825698146,0.2763302234969447,0.6978239834226404,0.056368950801733986,-0.0772246752959076,"CRWD,COST,AMD,KLAC,PLTR,SNOW,ORCL,AMAT,NOW,TXN,CSCO,TSLA,ADBE,QCOM,LRCX"
random_top15_0370,0.7448844124774858,0.46882939694832226,1.374188846597091,0.20389576762316075,-0.08210815738297095,"PANW,IBM,LRCX,AMZN,CRM,AMD,CRWD,GOOGL,NVDA,QCOM,COST,INTC,CSCO,AMAT,AVGO"
random_top15_0371,0.22499332788491078,0.314478382850816,0.7627777307205046,0.06998553795485485,-0.08822150860988776,"GOOGL,MSFT,COST,TXN,MU,IBM,KLAC,CSCO,AMZN,AVGO,PANW,PLTR,INTU,AAPL,SNOW"
random_top15_0372,0.4120508735289239,0.4815887443687137,0.8884875080660757,0.1218895806366409,-0.09349230289043087,"NFLX,ANET,TXN,MSFT,SNOW,MU,QCOM,INTC,NOW,AAPL,AMD,CSCO,AVGO,CRM,INTU"
random_top15_0373,0.21700684236472045,0.44058569670748127,0.6033824014155379,0.06765516811300687,-0.12420345484971262,"AMD,SNOW,GOOGL,LRCX,META,PANW,TXN,NOW,IBM,QCOM,INTC,INTU,CRM,AMZN,AAPL"
random_top15_0374,0.6662733456851677,0.47622231186682884,1.257655608831505,0.1855378274412669,-0.09738241542209469,"QCOM,AAPL,AMD,KLAC,IBM,CRWD,GOOGL,SNOW,ANET,INTU,TXN,LRCX,INTC,NVDA,COST"
random_top15_0375,0.49242322124464577,0.4192729696392366,1.1151020504330946,0.14278360009420332,-0.0902168280131378,"MSFT,NVDA,ANET,AMAT,AMZN,CRWD,INTC,TXN,AAPL,QCOM,CSCO,LRCX,IBM,NOW,CRM"
random_top15_0376,0.4459314847035205,0.42403571920180577,1.0301427755305124,0.13079159421540143,-0.10426982210936575,"AMZN,CSCO,CRWD,SNOW,PLTR,NVDA,QCOM,COST,LRCX,INTC,TSLA,MU,META,GOOGL,CRM"
random_top15_0377,0.02431774596875469,0.375171501376977,0.19625044907948808,0.00804108299763917,-0.11443478776504912,"ANET,PANW,AVGO,ADBE,NOW,TXN,CRM,SNOW,PLTR,AAPL,MSFT,AMD,TSLA,CRWD,MU"
random_top15_0378,1.2009134955333538,0.568896439004067,1.6210391088010578,0.3007714347414554,-0.08550412054987166,"KLAC,MSFT,AMD,INTU,ANET,GOOGL,NVDA,MU,QCOM,PLTR,AVGO,INTC,LRCX,AMAT,TXN"
random_top15_0379,0.18552998276837895,0.34881152049971675,0.6155094303541728,0.05836998278711869,-0.10996682741236685,"ANET,TSLA,IBM,AMZN,NOW,SNOW,TXN,PANW,GOOGL,META,QCOM,KLAC,AVGO,AMAT,NVDA"
random_top15_0380,-0.06100165874003982,0.325372510236975,-0.0767844566611455,-0.020761962106495613,-0.11367004903065281,"CRM,AMD,CSCO,ORCL,ANET,AAPL,SNOW,NOW,ADBE,META,IBM,MU,MSFT,CRWD,NFLX"
random_top15_0381,0.7994071811026722,0.4560630712710467,1.4754190612107179,0.21630684207079054,-0.0820783730311565,"COST,GOOGL,INTC,CRWD,AAPL,NOW,LRCX,TXN,SNOW,MU,CSCO,AVGO,KLAC,AMZN,ORCL"
random_top15_0382,0.38694223162013963,0.4094166324121988,0.9496291684872386,0.11520007714047376,-0.0818236455083422,"CRWD,TXN,INTU,ANET,NFLX,QCOM,MSFT,KLAC,COST,NVDA,MU,CRM,ADBE,NOW,INTC"
random_top15_0383,-0.016950542841750127,0.3053848208072179,0.053238474819761655,-0.005682409564459645,-0.09738184736813127,"AVGO,AAPL,SNOW,KLAC,PLTR,CRM,IBM,TSLA,GOOGL,ANET,NFLX,AMZN,AMD,INTU,META"
random_top15_0384,0.1025175927776012,0.36458465106741755,0.39615318102545294,0.033067049029500195,-0.09392240954301845,"NFLX,MSFT,IBM,SNOW,CRWD,TSLA,AMAT,QCOM,ORCL,ADBE,ANET,NVDA,PLTR,INTC,AMZN"
random_top15_0385,-0.1682056031857757,0.3012468833315634,-0.4957527250181436,-0.05954360595828079,-0.10639743081614161,"PLTR,CSCO,COST,TSLA,CRWD,AMD,INTU,META,PANW,IBM,NOW,MSFT,GOOGL,ORCL,QCOM"
random_top15_0386,0.49700525730654777,0.3841338943380152,1.2012386908586297,0.1439519295401821,-0.0802485710238634,"PANW,PLTR,KLAC,AMZN,ANET,AMD,ADBE,MSFT,ORCL,CSCO,LRCX,NVDA,TSLA,TXN,AMAT"
random_top15_0387,0.07619941844558897,0.2077709423659215,0.42947326690333604,0.024780652947299364,-0.06301024043448666,"QCOM,TXN,META,IBM,PLTR,AMZN,COST,AAPL,CSCO,KLAC,SNOW,ORCL,AMAT,NFLX,INTU"
random_top15_0388,0.09233269548856882,0.33573043245420825,0.3818190101066301,0.029876095155535465,-0.0913781865595511,"ADBE,NOW,IBM,TXN,INTU,AMAT,MSFT,META,NFLX,GOOGL,AVGO,QCOM,INTC,PLTR,TSLA"
random_top15_0389,0.38344830757842874,0.4124896952353604,0.9388620773323494,0.11426283530510939,-0.08897834550088413,"ANET,PANW,IBM,QCOM,AVGO,MU,MSFT,CRWD,AAPL,AMAT,META,NOW,NFLX,CRM,INTC"
random_top15_0390,0.14419489319350087,0.2779382466271864,0.5872214151034629,0.04592369453905154,-0.086810613855688,"NFLX,KLAC,CRWD,INTU,CSCO,SNOW,NOW,CRM,TXN,LRCX,TSLA,PANW,NVDA,AMZN,MU"
random_top15_0391,0.2181104246092338,0.289654481866149,0.7903324890307611,0.06797778731302051,-0.08350758010014192,"IBM,CRWD,NOW,COST,KLAC,NFLX,ANET,AMD,MU,PLTR,SNOW,META,INTU,AMAT,GOOGL"
random_top15_0392,0.6927816838828404,0.39897842787247906,1.485717711449742,0.19179159172913618,-0.06855895905127796,"PANW,MSFT,IBM,AMAT,GOOGL,AAPL,NOW,COST,LRCX,INTC,CSCO,PLTR,TXN,NVDA,AMD"
random_top15_0393,0.02542662879860136,0.24688355936596534,0.19063410557478072,0.008404705950514568,-0.08160610670396495,"AAPL,ADBE,AMAT,NVDA,SNOW,CSCO,AVGO,CRWD,IBM,COST,MSFT,KLAC,QCOM,TSLA,PANW"
random_top15_0394,0.17774463111825,0.3029941330314402,0.6527752103079126,0.056048127995176555,-0.0991664758298395,"AMZN,SNOW,NFLX,MU,LRCX,IBM,GOOGL,META,CSCO,TXN,PLTR,MSFT,PANW,CRM,AAPL"
random_top15_0395,0.3471331475070929,0.38919133649334686,0.9124391930560842,0.10442655626724506,-0.10495902140161784,"INTU,CSCO,TXN,AMZN,LRCX,CRWD,AMD,KLAC,META,AVGO,SNOW,GOOGL,QCOM,IBM,COST"
random_top15_0396,0.3778022148574145,0.36754809915150327,1.0116809467935204,0.11274493513185435,-0.0831513841613547,"MSFT,LRCX,IBM,NVDA,PLTR,CRWD,NOW,KLAC,NFLX,META,AMD,GOOGL,COST,SNOW,INTC"
random_top15_0397,-0.09194283389508873,0.2560314884654376,-0.28226325206612435,-0.031638019393854244,-0.08450836401146666,"AAPL,TSLA,AVGO,NVDA,IBM,CRM,PLTR,ORCL,PANW,INTU,KLAC,GOOGL,AMAT,MSFT,QCOM"
random_top15_0398,-0.1790695591218835,0.28024476881499266,-0.5959677164270492,-0.0636559538145467,-0.10825421666685808,"META,AMD,NFLX,PANW,ANET,AAPL,GOOGL,IBM,NVDA,CRM,ADBE,CSCO,NOW,INTU,SNOW"
random_top15_0399,0.709553695357839,0.40828170735056785,1.4829540036971833,0.19571473739304546,-0.07023515231069344,"INTU,NFLX,TXN,CSCO,INTC,AMAT,MU,CRWD,QCOM,SNOW,ORCL,LRCX,AMZN,COST,PANW"
random_top15_0400,0.29417071388701244,0.3197504855175025,0.9263483189799859,0.0897591460332221,-0.06155438003029945,"AMD,TSLA,LRCX,SNOW,QCOM,NFLX,INTC,CRWD,CSCO,CRM,AMAT,COST,NOW,PANW,PLTR"
random_top15_0401,0.7086102394319322,0.43285033783480514,1.4132885921124665,0.19549473616413282,-0.07824818763420716,"QCOM,COST,INTC,CRM,TXN,AMAT,LRCX,CSCO,IBM,GOOGL,AVGO,NOW,ADBE,KLAC,AMD"
random_top15_0402,0.38673579402568237,0.3746343028426345,1.0135173457572975,0.11514474423157894,-0.0735601683620919,"TSLA,SNOW,CRWD,INTC,AMAT,NOW,MU,AMD,COST,CRM,AVGO,KLAC,INTU,PLTR,AAPL"
random_top15_0403,0.44678203920455895,0.4404935393618183,1.0030294330918883,0.1310132763080658,-0.10436835790681775,"MU,META,CSCO,LRCX,NOW,QCOM,SNOW,ANET,INTU,CRM,KLAC,ORCL,AAPL,INTC,TXN"
random_top15_0404,0.14277865844242443,0.37326297316801643,0.49249429800241773,0.04549198339596039,-0.11027287854149703,"SNOW,TXN,AMD,CRWD,ANET,GOOGL,PLTR,AVGO,LRCX,ORCL,NVDA,IBM,INTU,TSLA,CSCO"
random_top15_0405,-0.00022326097867775285,0.3475885077491439,0.12261071214531916,-7.442586529793349e-05,-0.11108902111890073,"GOOGL,INTC,IBM,MSFT,CRM,NOW,NVDA,LRCX,ADBE,TSLA,QCOM,CSCO,AAPL,AMZN,INTU"
random_top15_0406,0.3658137030070654,0.37393629793522554,0.9745789571656248,0.1095081290684774,-0.08676030391657807,"TXN,LRCX,COST,CSCO,PANW,MSFT,QCOM,ANET,MU,PLTR,AAPL,CRWD,CRM,NOW,AMD"
random_top15_0407,-0.17351708495661067,0.21711831828934194,-0.7905026685413417,-0.06154966552038654,-0.08065300692005262,"NVDA,AAPL,AVGO,SNOW,CRWD,PLTR,NOW,TXN,PANW,IBM,ADBE,CRM,COST,NFLX,AMZN"
random_top15_0408,0.1576729968666586,0.24976185926134917,0.6791992107606628,0.050014511323759114,-0.07046768842368667,"KLAC,PANW,META,ADBE,TXN,NOW,TSLA,NFLX,AMZN,NVDA,COST,INTU,AVGO,LRCX,CSCO"
random_top15_0409,-0.0261764870159632,0.2031169187339167,-0.05607895773485756,-0.008802756828887204,-0.0796554957245934,"AAPL,IBM,NVDA,CRWD,ADBE,PANW,AMAT,AVGO,TSLA,META,GOOGL,NOW,PLTR,NFLX,LRCX"
random_top15_0410,-0.05734454049847415,0.2958059061267162,-0.09270635401599014,-0.019492329013958254,-0.0773345399146802,"CRM,AMAT,CRWD,GOOGL,INTU,AVGO,MSFT,COST,NOW,AMZN,ADBE,PANW,AMD,ORCL,NFLX"
random_top15_0411,0.23351613757548328,0.3656241772160417,0.706862030617109,0.07246125634928369,-0.09721287705759085,"QCOM,PLTR,NOW,INTU,LRCX,GOOGL,AMD,MSFT,AMAT,AVGO,ADBE,MU,AAPL,AMZN,NVDA"
random_top15_0412,0.6625014391407715,0.4620469593652786,1.2814571199267906,0.18464259290624807,-0.0942248279760669,"COST,INTC,SNOW,CRWD,AAPL,KLAC,TSLA,PANW,LRCX,AMD,NOW,MU,NVDA,GOOGL,QCOM"
random_top15_0413,0.5779578567812873,0.38132846134767845,1.35045609791484,0.16421127252636958,-0.07009992161905143,"MU,ADBE,CRWD,AAPL,KLAC,CRM,INTC,TXN,TSLA,IBM,PANW,NFLX,PLTR,AMAT,ANET"
random_top15_0414,0.2853759187335452,0.2313471210848202,1.1788265053064675,0.0872849744374331,-0.04360197220940831,"PLTR,ORCL,AMAT,MSFT,COST,PANW,KLAC,CSCO,ADBE,AAPL,CRM,NFLX,TXN,LRCX,ANET"
random_top15_0415,0.1694183752228129,0.21264441155028477,0.817663756706313,0.05355360598147563,-0.060656645326141345,"INTU,CSCO,COST,AMAT,SNOW,TXN,LRCX,IBM,ORCL,ANET,NFLX,KLAC,AMZN,PLTR,CRM"
random_top15_0416,0.5746114358253882,0.44590250718304913,1.1882706684892277,0.16338769786404028,-0.08012362894291014,"KLAC,PLTR,NVDA,AAPL,SNOW,INTU,NFLX,INTC,AMD,MU,GOOGL,LRCX,AVGO,QCOM,CRM"
random_top15_0417,0.32131101043613186,0.4439791181916285,0.7858143419186043,0.09732435388990379,-0.095841367248504,"ADBE,NFLX,MSFT,INTC,ANET,CRWD,AMZN,AMAT,QCOM,ORCL,NOW,MU,META,AVGO,INTU"
random_top15_0418,0.3273788847017951,0.3320742326327242,0.9808436168077772,0.09900154156022944,-0.0884701006050076,"PLTR,AMD,META,COST,CRM,TXN,IBM,AAPL,LRCX,NOW,KLAC,NVDA,AVGO,MU,INTU"
random_top15_0419,0.29204088427819186,0.44320337640457375,0.7356015018642394,0.08916100863970478,-0.10174591860983928,"SNOW,GOOGL,MSFT,INTU,INTC,ANET,CRM,TSLA,AMD,QCOM,AAPL,AMZN,NVDA,NFLX,LRCX"
random_top15_0420,0.3412366872734962,0.36596019013621794,0.9400050466035262,0.10281282519724955,-0.08949998034909123,"IBM,COST,NVDA,TXN,PLTR,AAPL,INTU,LRCX,ANET,TSLA,MSFT,CSCO,INTC,ADBE,GOOGL"
random_top15_0421,0.1612060594671314,0.2473896513282575,0.695816672816008,0.05108159431175463,-0.05998743726856193,"AMAT,NVDA,PANW,CRM,NFLX,PLTR,NOW,KLAC,AVGO,CSCO,AAPL,CRWD,SNOW,GOOGL,MU"
random_top15_0422,0.560385007010185,0.5053572721385692,1.064938236734632,0.159873402506568,-0.08671881805389536,"ADBE,PANW,AAPL,KLAC,INTC,AMAT,GOOGL,CRM,NVDA,AVGO,QCOM,ANET,AMD,ORCL,MSFT"
random_top15_0423,1.0796271158758888,0.5250090213880063,1.6170949273333548,0.27642457526053277,-0.09820893022345778,"LRCX,GOOGL,AMAT,TSLA,INTC,PANW,MU,CSCO,IBM,TXN,QCOM,CRWD,KLAC,META,ANET"
random_top15_0424,0.8041833331078803,0.4215538168826598,1.5779269383062768,0.21738203582716453,-0.06327351555811178,"CSCO,TSLA,INTC,AMAT,COST,GOOGL,AMD,CRM,LRCX,NOW,NFLX,AVGO,CRWD,MU,PANW"
random_top15_0425,0.35348239123943914,0.40776116366070864,0.8929419904492392,0.10615894763515454,-0.10136504281758763,"META,NFLX,SNOW,AMAT,AMZN,ADBE,ANET,INTC,MU,INTU,NOW,ORCL,QCOM,NVDA,LRCX"
random_top15_0426,0.6782943850539807,0.47366285078586867,1.277069119311075,0.18838195107130562,-0.08920199565998721,"PLTR,ADBE,AMAT,TXN,AMD,NVDA,CSCO,QCOM,INTC,IBM,MU,ORCL,COST,AVGO,SNOW"
random_top15_0427,0.1617429865957516,0.28884853012446143,0.6250455446003684,0.05124357166758986,-0.08389263289035953,"ANET,MU,AMAT,GOOGL,CRWD,NOW,ADBE,NFLX,AMZN,QCOM,ORCL,NVDA,AAPL,IBM,COST"
random_top15_0428,0.4070929678527433,0.41658785919891855,0.9734961804361648,0.1205750044497862,-0.07997984901527311,"QCOM,LRCX,KLAC,NVDA,AVGO,CSCO,INTC,MSFT,INTU,AMZN,CRWD,NFLX,META,ORCL,TSLA"
random_top15_0429,0.35254070471179677,0.31720180167019374,1.075153788489592,0.10590235110656798,-0.06518008018575139,"AMZN,COST,PANW,AMD,AAPL,NFLX,PLTR,ORCL,TSLA,CRWD,AMAT,NVDA,GOOGL,TXN,META"
random_top15_0430,0.5422195439529889,0.36977686829430945,1.3232900343271283,0.15535487404446124,-0.08419283893684404,"MU,AMAT,LRCX,NVDA,CSCO,AMD,TXN,META,TSLA,NOW,SNOW,CRWD,KLAC,NFLX,MSFT"
random_top15_0431,0.4158050837360019,0.34987763969714863,1.1309560273797576,0.12288295423737527,-0.07953898872815557,"GOOGL,LRCX,IBM,PANW,TXN,CRM,AMZN,AMAT,AVGO,NOW,AMD,ORCL,CSCO,AAPL,KLAC"
random_top15_0432,0.6923515849733552,0.41631763546294753,1.4337837676784666,0.19169064709513606,-0.07091871296089425,"TXN,COST,AMZN,AVGO,AMD,MU,MSFT,AAPL,ANET,GOOGL,NFLX,NVDA,INTU,AMAT,PANW"
random_top15_0433,-0.019395883567988825,0.27540985914188215,0.028823499736175894,-0.006507550880057389,-0.09609504366507904,"NFLX,AMD,AAPL,META,NOW,PANW,ORCL,IBM,LRCX,INTU,AMAT,CRWD,MSFT,SNOW,ANET"
random_top15_0434,0.7277426956455861,0.44713430873880744,1.401171682850972,0.19994043585032428,-0.0636657975221675,"MU,INTC,INTU,CSCO,PANW,LRCX,AMD,NFLX,CRWD,TSLA,QCOM,KLAC,AVGO,PLTR,AAPL"
random_top15_0435,0.6187517360832366,0.4375750367453825,1.2722591810894706,0.17415856125823836,-0.08296586630580416,"MSFT,AVGO,INTU,GOOGL,AMAT,QCOM,NOW,KLAC,LRCX,IBM,NVDA,AMZN,INTC,AMD,COST"
random_top15_0436,0.41352856719233566,0.39553467894903904,1.0235727042092169,0.1222807920297504,-0.08283380587472133,"TXN,PANW,NOW,AMAT,IBM,AMD,GOOGL,INTC,TSLA,META,CSCO,NFLX,QCOM,CRM,AAPL"
random_top15_0437,0.10563561263499244,0.2634174610872453,0.47811059214411905,0.0340400015436928,-0.09022564410015599,"AVGO,ORCL,AMZN,PLTR,COST,SNOW,QCOM,TSLA,IBM,LRCX,AMAT,MU,AAPL,CRM,PANW"
random_top15_0438,-0.034961294063783455,0.33047001899719664,0.00976497216303384,-0.011792275855246781,-0.0870608768233051,"AMD,TSLA,TXN,PLTR,ORCL,MSFT,KLAC,AMZN,QCOM,PANW,NOW,NFLX,SNOW,CRM,AVGO"
random_top15_0439,0.46220904070973057,0.48933141766535576,0.9535028127433701,0.13501906097475636,-0.10114401177791998,"CRWD,META,MSFT,TSLA,ADBE,CRM,INTC,ORCL,ANET,AMD,AAPL,GOOGL,MU,NFLX,CSCO"
random_top15_0440,0.25109261288533524,0.31033412317737774,0.8369219070527965,0.07753111535954549,-0.06044813252850867,"ORCL,KLAC,CRWD,CRM,NOW,COST,SNOW,GOOGL,INTC,AMAT,AAPL,AMD,IBM,PLTR,NFLX"
random_top15_0441,0.33351429662657517,0.3578389316313061,0.9400151098752387,0.10069220801474232,-0.09336809826515335,"CRM,COST,AMAT,ANET,IBM,NVDA,PANW,QCOM,LRCX,TXN,GOOGL,AMZN,AVGO,ORCL,MSFT"
random_top15_0442,0.81149794306449,0.41817980300196345,1.5975437642210735,0.21902500778450795,-0.05410510287930004,"NOW,ORCL,PANW,GOOGL,AMAT,NVDA,ANET,AAPL,COST,INTC,LRCX,AMZN,AMD,CSCO,NFLX"
random_top15_0443,0.4107203012833176,0.4549203509406909,0.9241994357502404,0.12153708524962137,-0.11445217508628314,"ANET,KLAC,SNOW,META,TSLA,MSFT,MU,INTC,PLTR,AMZN,IBM,GOOGL,NVDA,AAPL,ORCL"
random_top15_0444,0.5361718844263812,0.3308602039431731,1.437697891070928,0.15384269287677088,-0.06796372600484657,"MU,CSCO,AVGO,PLTR,NOW,LRCX,KLAC,NVDA,TXN,COST,QCOM,PANW,AMAT,ADBE,GOOGL"
random_top15_0445,0.5885532991811508,0.4715802748824116,1.1605853619522513,0.16681122089020173,-0.09645442290759831,"COST,ANET,CRWD,QCOM,AAPL,INTU,AMD,NOW,TXN,MU,INTC,NFLX,GOOGL,META,IBM"
random_top15_0446,0.14325020965955426,0.3364206817374134,0.5179670796339009,0.04563576604332953,-0.07549921627331613,"PANW,PLTR,ORCL,QCOM,SNOW,LRCX,INTC,ANET,INTU,NFLX,MSFT,CSCO,CRWD,COST,TSLA"
random_top15_0447,0.9554839124460826,0.48779077070162524,1.5778165256100096,0.2505030321948982,-0.07446871280881517,"AVGO,AMAT,NVDA,ANET,CRWD,AMD,PLTR,LRCX,PANW,TXN,MU,INTU,INTC,COST,NOW"
random_top15_0448,0.13913613916864231,0.40728107282991777,0.46542618953037573,0.04437999260830239,-0.12259190220985805,"META,QCOM,AMD,CRM,COST,AMZN,PANW,ANET,MU,CRWD,ADBE,GOOGL,MSFT,PLTR,IBM"
random_top15_0449,0.39776332842380113,0.3559776190896108,1.080290401296502,0.11809287697784021,-0.0938766770640691,"NVDA,CRWD,MU,GOOGL,QCOM,KLAC,AMAT,CSCO,ANET,LRCX,TSLA,NOW,AMZN,AAPL,SNOW"
random_top15_0450,0.5007777648984717,0.3535742392183197,1.2913275242703235,0.1449120569358382,-0.07267197306460038,"NFLX,IBM,AMAT,ANET,AMZN,LRCX,PLTR,META,CRWD,NVDA,CSCO,TXN,AAPL,ORCL,AMD"
random_top15_0451,0.9118087863618249,0.46648184826521283,1.584828630769192,0.24112298250345732,-0.07174864712238782,"QCOM,CSCO,PLTR,AMZN,AMAT,GOOGL,MSFT,TXN,LRCX,CRWD,AVGO,TSLA,INTC,MU,NFLX"
random_top15_0452,0.3384909659626243,0.4167733095769905,0.850236040023641,0.10205976763164415,-0.08144982648562182,"TSLA,TXN,PLTR,NOW,SNOW,AVGO,CRM,AMZN,AMD,INTC,KLAC,PANW,COST,AAPL,QCOM"
random_top15_0453,-0.02283491295812068,0.2669504579143193,0.010068135347737803,-0.00767032105298715,-0.07697104651545772,"PANW,META,TSLA,IBM,NVDA,KLAC,INTU,QCOM,ORCL,ANET,COST,AVGO,PLTR,NFLX,CRWD"
random_top15_0454,0.22119956739791524,0.3487218317732102,0.7020337646139891,0.06887982674866877,-0.10673114854348653,"AVGO,META,AMZN,PLTR,CRWD,IBM,TSLA,AMAT,NVDA,QCOM,ANET,NOW,LRCX,MU,ORCL"
random_top15_0455,0.43955143532847174,0.31635446212036594,1.2792428383302936,0.12912596816976318,-0.0552895745445644,"INTU,NFLX,ADBE,AAPL,NVDA,PLTR,LRCX,GOOGL,AMD,MSFT,AMAT,KLAC,CSCO,TXN,AVGO"
random_top15_0456,0.09460456250037863,0.40953343481180116,0.36559923856216325,0.030589590021294022,-0.1162772679120252,"QCOM,CRM,PANW,ANET,MU,PLTR,ADBE,IBM,AVGO,AAPL,INTU,NVDA,GOOGL,AMD,AMZN"
random_top15_0457,0.3003373653301049,0.4933296616146838,0.7070466462238305,0.0914872846698942,-0.12266139435875067,"PANW,MU,INTU,LRCX,ADBE,GOOGL,SNOW,MSFT,CRWD,CRM,PLTR,INTC,QCOM,ANET,AMD"
random_top15_0458,0.4454537429120342,0.4080212105550627,1.0574151426910277,0.130667041077547,-0.0882073256719158,"NFLX,CRWD,NVDA,COST,INTC,AMZN,CRM,LRCX,MSFT,AMD,MU,AAPL,NOW,ADBE,IBM"
random_top15_0459,-0.055847566418725236,0.219556092812451,-0.1815611994342517,-0.01897357522237808,-0.07853658817410347,"ORCL,AAPL,NFLX,CSCO,AVGO,ADBE,AMAT,SNOW,LRCX,CRM,META,NOW,GOOGL,ANET,PLTR"
random_top15_0460,0.24555809159835507,0.46857001995104414,0.6355176433475641,0.07593985708298967,-0.12857200776959377,"INTU,MU,TSLA,ORCL,PANW,GOOGL,TXN,AMZN,INTC,MSFT,ADBE,AVGO,NVDA,SNOW,IBM"
random_top15_0461,0.04595783956644728,0.281005187661145,0.26057281947431843,0.01509041380083076,-0.07860152549195987,"NVDA,MU,META,COST,CSCO,CRM,CRWD,MSFT,AMZN,TSLA,INTU,NFLX,PANW,PLTR,AVGO"
random_top15_0462,0.17236046496321022,0.39608708568825546,0.5434791783837922,0.054436396242232954,-0.12246879930565646,"CRM,INTC,ORCL,COST,AMZN,GOOGL,TSLA,MSFT,CRWD,META,LRCX,MU,NOW,ADBE,SNOW"
random_top15_0463,0.6993614643939534,0.4547164713217158,1.3462286745346876,0.19333374546692195,-0.08097664313137831,"CRWD,ANET,ORCL,TXN,LRCX,QCOM,KLAC,AMD,NFLX,NVDA,INTC,TSLA,IBM,COST,ADBE"
random_top15_0464,0.42800784495007616,0.4125465792937424,1.0207092029756022,0.1260997561627002,-0.10557421112012311,"COST,INTU,CRWD,PLTR,ANET,IBM,LRCX,ADBE,MU,MSFT,TXN,META,AAPL,TSLA,INTC"
random_top15_0465,0.07620498346375437,0.36401975939765013,0.3299005483632196,0.02478241932164149,-0.09596286317255376,"AAPL,NOW,TSLA,COST,MSFT,INTC,QCOM,LRCX,PLTR,CRM,AMZN,INTU,AMD,NVDA,SNOW"
random_top15_0466,0.7108029459332867,0.534974013348772,1.2054628297710825,0.1960059213094849,-0.10584831776505965,"META,MSFT,ANET,CSCO,TXN,PANW,QCOM,KLAC,INTC,AMD,NOW,GOOGL,AVGO,LRCX,SNOW"
random_top15_0467,0.06627680113234824,0.3484959097364092,0.3064216595808379,0.021621412340471213,-0.08711552944218637,"QCOM,PANW,AMAT,INTC,NFLX,META,CRM,ANET,MSFT,PLTR,ORCL,CSCO,SNOW,ADBE,TSLA"
random_top15_0468,0.22630061192850848,0.40014139927522896,0.6517154043109794,0.07036602376477386,-0.08324092918015125,"AAPL,NOW,ORCL,COST,ANET,MSFT,AMD,CSCO,QCOM,PANW,META,IBM,INTC,NFLX,CRM"
random_top15_0469,-0.11073971505448388,0.26408441389156395,-0.34665256638247455,-0.03836639365694794,-0.10404243631955967,"INTU,NOW,IBM,ORCL,CRM,NVDA,AVGO,NFLX,AAPL,META,TXN,LRCX,ANET,SNOW,QCOM"
random_top15_0470,0.4181784904214274,0.371578893578353,1.0828136139797029,0.12351005800160131,-0.08101947901890394,"INTC,ORCL,AMZN,COST,NFLX,SNOW,PLTR,NVDA,QCOM,TSLA,IBM,LRCX,AVGO,AAPL,MU"
random_top15_0471,0.2814392947095581,0.3355271880035818,0.8650880978779718,0.08617385741704142,-0.0882084817019777,"TSLA,ADBE,GOOGL,CRM,NFLX,MU,MSFT,AAPL,META,AMD,AVGO,LRCX,CSCO,AMAT,INTU"
random_top15_0472,0.2089589657281543,0.38718839418069256,0.6286502389196005,0.06529654895917747,-0.10318355401027035,"TXN,ANET,PLTR,ORCL,IBM,KLAC,NOW,GOOGL,ADBE,MSFT,TSLA,INTC,META,COST,QCOM"
random_top15_0473,-0.01860091089174265,0.23103444923296643,0.0031745920421538333,-0.006239149661983134,-0.09423969079591621,"KLAC,AMAT,TSLA,AAPL,CRWD,IBM,AVGO,ADBE,NOW,CSCO,SNOW,AMZN,LRCX,CRM,GOOGL"
random_top15_0474,0.2878667314486425,0.4415678096739247,0.7306820032329862,0.08798683805597607,-0.11004577233786828,"LRCX,AAPL,META,GOOGL,AMZN,INTU,QCOM,ANET,NVDA,INTC,CRM,ADBE,TXN,PLTR,MSFT"
random_top15_0475,0.6648066443539675,0.5119550203060467,1.1900649967836219,0.1851898772578897,-0.10796426156645778,"LRCX,PLTR,AMD,AVGO,ADBE,META,CRM,TSLA,MU,GOOGL,TXN,QCOM,MSFT,INTC,COST"
random_top15_0476,0.2530048919345438,0.30652263981384786,0.8518541807763002,0.07807983339200808,-0.08504209511278904,"TXN,CRWD,ANET,MSFT,INTU,NFLX,AMAT,AVGO,MU,CSCO,IBM,PANW,LRCX,NOW,ADBE"
random_top15_0477,0.22827495634310968,0.3509155931241305,0.7135097457649252,0.07094014565379214,-0.08481876281034206,"NOW,INTC,GOOGL,QCOM,COST,NVDA,META,MU,IBM,PANW,MSFT,PLTR,NFLX,CSCO,INTU"
random_top15_0478,0.03355069167394187,0.32581539541560867,0.21818666698579128,0.01106077214996315,-0.11486218865328146,"AVGO,NVDA,NOW,PANW,SNOW,CSCO,ANET,MSFT,META,LRCX,MU,CRWD,ADBE,PLTR,TSLA"
random_top15_0479,0.35029653391356064,0.29765228971933144,1.1275359520553248,0.10529036516998014,-0.07283858477044858,"MU,PLTR,LRCX,NOW,KLAC,SNOW,PANW,ANET,COST,CSCO,TSLA,AMZN,QCOM,TXN,NFLX"
random_top15_0480,0.24381911853210525,0.3539941075829265,0.7483530010536277,0.07543890310341994,-0.10494625544129921,"TSLA,GOOGL,CRWD,AMZN,AVGO,PANW,KLAC,ANET,LRCX,PLTR,ORCL,AAPL,IBM,MU,SNOW"
random_top15_0481,0.026997342224838183,0.24431069347545173,0.19799888261445917,0.00891932322457678,-0.08970237563695171,"GOOGL,NVDA,SNOW,CRM,CRWD,ANET,COST,PLTR,IBM,MSFT,KLAC,LRCX,QCOM,INTU,AMAT"
random_top15_0482,0.6950714249362175,0.508019020717407,1.2326842337248172,0.19232870856894602,-0.09914227458618885,"LRCX,AVGO,NVDA,CRWD,MSFT,ORCL,INTC,AAPL,TXN,GOOGL,TSLA,KLAC,META,QCOM,ANET"
random_top15_0483,0.09673833194247661,0.3736408600715101,0.3793009408525368,0.031258815935989004,-0.09152092657608424,"KLAC,PANW,NOW,AVGO,CRWD,MSFT,SNOW,NVDA,TXN,PLTR,ORCL,CRM,AAPL,INTC,IBM"
random_top15_0484,0.3454328890782665,0.2777051333542814,1.180983757856015,0.1039617170063123,-0.060956922046093376,"NVDA,AAPL,AMAT,KLAC,COST,CSCO,LRCX,CRWD,QCOM,NFLX,SNOW,CRM,AVGO,ADBE,MU"
random_top15_0485,0.9665953937440825,0.473287851661345,1.6279345457510688,0.2528671027482807,-0.062223980687881375,"GOOGL,ANET,COST,ADBE,AMAT,QCOM,AVGO,INTC,KLAC,PLTR,CSCO,AAPL,AMZN,LRCX,AMD"
random_top15_0486,0.7174963076294874,0.4274347918966611,1.441691379088605,0.19756364656161152,-0.08428340036347126,"TXN,ANET,META,AVGO,AMD,COST,PLTR,MU,TSLA,AMAT,LRCX,ORCL,CSCO,MSFT,CRWD"
random_top15_0487,0.19500460482379278,0.31579952247773474,0.6814942059241473,0.061181962915926036,-0.09921493173066798,"TXN,TSLA,CSCO,INTU,ANET,AAPL,NOW,ADBE,CRM,GOOGL,AMAT,MU,MSFT,LRCX,NVDA"
random_top15_0488,0.5902729109830502,0.37823771986505256,1.3809519420776277,0.16723209414270945,-0.06934384559468842,"KLAC,CRM,AMD,ANET,AAPL,COST,TXN,QCOM,AVGO,AMZN,MU,NFLX,AMAT,IBM,INTU"
random_top15_0489,0.7128190127718343,0.5149097429196023,1.2409038726009065,0.19647554121224609,-0.09486822191549238,"INTC,TXN,AMAT,ANET,CRWD,COST,QCOM,ADBE,MU,CRM,NVDA,AMD,AVGO,INTU,TSLA"
random_top15_0490,0.3973870817543015,0.3856072808655484,1.014624669405448,0.11799254609825649,-0.09475035277460786,"NVDA,ANET,CRWD,AMD,TSLA,PANW,SNOW,CSCO,TXN,NFLX,ADBE,LRCX,AMZN,META,KLAC"
random_top15_0491,0.12743518633855055,0.3602722051333298,0.4614892401171388,0.04079179911585151,-0.10089855483320709,"TSLA,AVGO,AMD,ADBE,ANET,IBM,COST,META,QCOM,INTU,NVDA,ORCL,KLAC,TXN,PLTR"
random_top15_0492,0.17653419749542199,0.40489127805248043,0.5450034845253396,0.05568621752767111,-0.11403709319665578,"IBM,ADBE,CRM,AVGO,INTC,NVDA,AAPL,GOOGL,CRWD,MU,META,NFLX,SNOW,TSLA,QCOM"
random_top15_0493,0.7462104373379292,0.46467618731979815,1.3859793396731592,0.20420065725421743,-0.08805124657110375,"ADBE,INTC,NFLX,PANW,NVDA,AMZN,CRWD,AMAT,QCOM,META,CSCO,MU,GOOGL,LRCX,MSFT"
random_top15_0494,-0.1597394804516945,0.2970847381995145,-0.4725693417040019,-0.05636367024888467,-0.11356662492312275,"PLTR,IBM,MSFT,GOOGL,TSLA,AVGO,NVDA,AMD,CRM,NOW,PANW,COST,META,SNOW,CRWD"
random_top15_0495,0.03120568044387606,0.2551863498144093,0.21254306961766736,0.010295531739002106,-0.08163542189015871,"IBM,AAPL,AVGO,ADBE,KLAC,META,LRCX,CRWD,SNOW,ANET,CSCO,NFLX,PLTR,ORCL,PANW"
random_top15_0496,0.26557092703023444,0.43622767943614155,0.6938396528647829,0.08167177272747894,-0.07708807788337602,"AMZN,MSFT,QCOM,TXN,INTC,CRWD,AVGO,AMAT,NFLX,NOW,INTU,PLTR,AMD,ORCL,ADBE"
random_top15_0497,0.4540604892861497,0.4271389577713149,1.0382138841931674,0.13290673304826872,-0.1011349127797927,"MU,SNOW,INTU,AMZN,PLTR,NVDA,LRCX,AMD,INTC,COST,QCOM,CRM,IBM,KLAC,TSLA"
random_top15_0498,0.568044299095279,0.40486867044503205,1.2714884435914964,0.16176808725395686,-0.0775944896831009,"LRCX,KLAC,PANW,QCOM,MU,IBM,CRWD,NFLX,AMZN,AMD,ORCL,NVDA,AVGO,CSCO,AAPL"
random_top15_0499,0.13140524553984534,0.31976654135826693,0.500013903117335,0.04201202136255988,-0.07520679017130583,"TXN,COST,AVGO,ADBE,CSCO,QCOM,PLTR,INTC,CRWD,AMAT,CRM,SNOW,TSLA,AAPL,NOW"
