Date,Modified Adaptive Rotation,Original Adaptive Rotation,QQQ,S&P 500 Proxy,Modified + QQQ Trend Exposure Overlay,Trend Overlay Exposure
2018-01-05,1.0,1.0,1.0,1.0,1.0,1.0
2018-01-12,1.0315755524257213,1.003174416197235,1.0158720809861743,1.015708251252988,1.0315755524257213,1.0
2018-01-19,1.0254856256466856,1.0054309222749926,1.0272974198303384,1.0244792114448438,1.0254856256466856,1.0
2018-01-26,1.046723908961518,1.0109797071166968,1.055644729549929,1.0472887809495637,1.046723908961518,1.0
2018-02-02,1.0142053475295598,1.003503683012013,1.016613157558213,1.0069190460399315,1.0142053475295598,1.0
2018-02-09,0.9791964183615758,0.994684244121783,0.9640563727072354,0.9549423626430252,0.9791964183615758,1.0
2018-02-16,1.0150976916275858,1.004281895967555,1.0187747565421164,0.9960155543700742,1.0150976916275858,1.0
2018-02-23,1.025627217117037,1.0076041265050657,1.0385993087368914,1.0015129127580047,1.025627217117037,1.0
2018-03-02,1.000610564658038,1.0053836541332788,1.0251359150830286,0.9810801800151692,1.000610564658038,1.0
2018-03-09,1.0366400742187112,1.0127663987715902,1.069417030757599,1.0158285793928092,1.0366400742187112,1.0
2018-03-16,1.035562240152715,1.010638630794017,1.0562006312155512,1.003229902753147,1.035562240152715,1.0
2018-03-23,0.9754054718369456,0.998070938125132,0.9789401945363696,0.9435357533885456,0.9754054718369456,1.0
2018-04-06,0.9647150626258888,0.9964136872880645,0.9673295865491964,0.9494450042550948,0.9689912263103114,0.6
2018-04-13,0.9688022973616032,1.0006352204553188,0.9966032419838348,0.9683393702103482,0.9714544373156403,0.6
2018-04-20,0.982818445487883,1.0014425813104404,1.002346868126913,0.9733846080729146,0.9798871480937398,0.6
2018-04-27,0.8974495547116478,1.001261168170365,1.001049889889252,0.9733007699754948,0.92881858341466,0.6
2018-05-04,0.8907479394319687,1.0036653305760794,1.018218854876494,0.9709348802263308,0.9246570671859323,0.6
2018-05-11,0.9242256439100808,1.0084155098646357,1.046566258832678,0.9943751044638712,0.9594092059992859,1.0
2018-05-18,0.9184216100793956,1.0060352066192395,1.0342144800368729,0.9889980742157622,0.9533842233278114,1.0
2018-05-25,0.9120612198040114,1.0087506418867518,1.048171956150959,0.992045704757109,0.9467817047500585,1.0
2018-06-01,0.9241421466344412,1.0123405914818902,1.0668231685188712,0.9968905143867776,0.9593225301366843,1.0
2018-06-08,0.9318586845831364,1.0143331535536435,1.0773221616479869,1.013079900198844,0.9673328224232088,1.0
2018-06-15,0.980898924041711,1.017287062478053,1.0930088792545585,1.0133095204656628,1.0182399331607068,1.0
2018-06-22,0.9711561324620112,1.01537872846593,1.0827569744738512,1.004276098968827,1.0081262515124125,1.0
2018-06-29,0.9423448924924548,1.0111276978795412,1.0600913774553462,0.9909666675032676,0.9782182208867916,1.0
2018-07-06,0.9611087742531872,1.014393472222902,1.0845479409351415,1.0060770160614927,0.9899051337225148,0.6
2018-07-13,0.9908941531108184,1.019014591606524,1.1092514985267523,1.0212019606366782,1.0205829302746792,1.0
2018-07-20,0.995727750319067,1.018311085043424,1.1054224772557626,1.0213915308569588,1.025561349803218,1.0
2018-07-27,0.9424629058217022,1.0167522306832182,1.0969614446997522,1.0275851370539293,0.97070060518475,1.0
2018-08-03,0.9544428153551916,1.019568599766181,1.112154174082694,1.035433789174063,0.9830394520108517,1.0
2018-08-10,0.9607957159113186,1.020066836848052,1.1148715804956262,1.0328564351791776,0.9895826956509126,1.0
2018-08-17,0.9552241600341872,1.0193209385188011,1.1107954708762278,1.038998955316786,0.9838442070288731,1.0
2018-08-24,0.960575202116272,1.022290599224576,1.1269762709430229,1.047952187720442,0.9893555749090975,1.0
2018-08-31,0.961121930623773,1.0269628373073318,1.1527297184238856,1.05773294308568,0.9899186842790524,1.0
2018-09-07,0.9689639505422648,1.020866542199017,1.118515332623606,1.0468549054454002,0.9979956636845324,1.0
2018-09-14,0.9782846375661672,1.0241132989946935,1.136301924245276,1.0589942525513214,1.0075956134321051,1.0
2018-09-21,1.0132869184912514,1.0238015967662908,1.1345726827527904,1.067994833009996,1.0436466188000062,1.0
2018-09-28,0.9817595612256608,1.026119917484938,1.1474184497722255,1.062275152363727,1.011174651374506,1.0
2018-10-05,1.0020248111776022,1.0198899633243734,1.1125864373375187,1.051918477329271,1.0320470806988398,1.0
2018-10-12,0.971270926880396,1.013288858697319,1.0765810850759483,1.0087417681579347,1.013041888718545,0.6
2018-10-19,1.0144453780291651,1.0122309250267243,1.0685524100113564,1.008978775433337,1.0400606285936993,0.6
2018-10-26,0.9953708401389068,1.007021755682821,1.029273749671232,0.969210592222708,1.0283269209158241,0.6
2018-11-02,1.0090207345168267,1.009322692009691,1.0460721763724548,0.9926763594899296,1.036788021014666,0.6
2018-11-09,1.0125443115762875,1.0111079853357214,1.0592885759145023,1.013801691037565,1.0389603465346886,0.6
2018-11-16,1.0078681196567818,1.007790283815427,1.0344614741486875,0.9974919770856774,1.0360814337276496,0.6
2018-11-23,0.9906555223333882,1.0008073557191144,0.9832633925041764,0.9596850891540736,1.0254647753582562,0.6
2018-11-30,1.0037308403351417,1.0097486703218288,1.0460103571670558,1.0062045532096908,1.0335856273003063,0.6
2018-12-07,0.9699991684613832,1.00307981801818,0.9966650611892338,0.9598746593743542,0.9988506467333192,1.0
2018-12-14,0.9568721898335087,1.0028187585334607,0.9948122755225444,0.947797256340412,0.99074019168237,0.6
2018-12-21,0.917148759279975,0.9910436740591706,0.9113760436820536,0.8809653876817805,0.9660625390434714,0.6
2018-12-28,0.9249942744937456,0.9961207773563436,0.9447258087360904,0.9061626519610017,0.9710209004461319,0.6
2019-01-04,0.9335209344060132,0.9990927898627032,0.9648591742480792,0.9230045865313296,0.9763914623279378,0.6
2019-01-11,0.9408554210701732,1.0030858417358333,0.992403682426826,0.9464521087773504,0.9809942494078014,0.6
2019-01-18,0.967091078812124,1.0070709661915134,1.0205657230034069,0.973592423314396,1.0083491742962722,1.0
2019-01-25,0.9464023784127956,1.006967358013845,1.019948096368979,0.9714234017939928,0.9867778513650859,1.0
2019-02-01,0.9560963757417318,1.009351401452827,1.034152660831474,0.986650429487799,0.9968854145682018,1.0
2019-02-08,0.9466025252879756,1.0104888437798227,1.0410079018326095,0.9871425110595978,0.9869865369178197,1.0
2019-02-15,0.9631734072479048,1.013933479143078,1.0618824381532304,1.0118295377459228,1.004264366801412,1.0
2019-02-22,0.9745532972777096,1.0150539091735882,1.067749514233919,1.018052246976711,1.016129746357214,1.0
2019-03-01,0.9621524415321692,1.0168152381910391,1.0770133483307731,1.022069533644798,1.0031998445873187,1.0
2019-03-08,0.9455567559616818,1.0130602679293683,1.057126976930599,0.9999708969661822,0.9858961529201015,1.0
2019-03-15,0.9534893435448056,1.021559164745096,1.1014699118105686,1.0289193376042702,0.9941671610130526,1.0
2019-03-22,0.9537138735227144,1.0217997239692191,1.1027667958116358,1.0209831983824764,0.9944012699018526,1.0
2019-03-29,0.9548889307541508,1.0230586688037897,1.109560311843966,1.0332646786535566,0.995626457492793,1.0
2019-04-05,0.9602039085527156,1.0287530840768069,1.140439758833479,1.054532232366454,1.001168183181307,1.0
2019-04-12,0.972378890282203,1.0300567115010422,1.147665538120634,1.059880070580642,1.013862574684825,1.0
2019-04-26,1.0196840998201735,1.0354001599511924,1.177433276015496,1.0717168173349418,1.0631859218054651,1.0
2019-05-03,1.0201761654346058,1.0358998096132588,1.1802742266026325,1.0738165967748854,1.0636989799515724,1.0
2019-05-10,0.94972936336796,1.029276034354208,1.1425395386119837,1.0503982665627858,0.9902467723446453,1.0
2019-05-17,0.9472693424944992,1.027095074421498,1.1304347539279933,1.042425726298694,0.9876818019185375,1.0
2019-05-24,0.9422183539323412,1.0216184425487822,1.100296477747112,1.0302244351207936,0.9845219174417076,0.6
2019-05-31,0.9104458033724072,1.0167901753577937,1.074295941917841,1.0032481477743478,0.9646024758799531,0.6
2019-06-07,0.9552740633992284,1.0250788085813225,1.118082975132188,1.0474601061486433,0.9930993619885541,0.6
2019-06-14,0.958155290550928,1.0268907091680868,1.1279644358634695,1.0524324529265103,0.9948965498045294,0.6
2019-06-21,0.9745233253478596,1.0335589856394547,1.164587508996061,1.075573725816669,1.0050939582040703,0.6
2019-06-28,0.9552242526198772,1.0315529244815198,1.153285620089508,1.0724022071313646,0.9851894768096285,1.0
2019-07-05,0.9727893185299494,1.0363146150194784,1.1799036883166132,1.0901372577394934,1.0033055558838446,1.0
2019-07-12,1.0029507136298932,1.0390050685934973,1.1952198676371653,1.0986530546348494,1.0344131088766253,1.0
2019-07-19,0.9907283701323676,1.036299237736804,1.1796565999682045,1.0851066158938876,1.0218073525186924,1.0
2019-07-26,0.9849062271490336,1.0409433501917058,1.2060893990523005,1.1030604287562182,1.015802569888928,1.0
2019-08-02,0.9333688562547764,1.0324789360972846,1.157052916391692,1.0688624950182193,0.9626484803354017,1.0
2019-08-09,0.9284657725526738,1.0315310498028714,1.1517416477400324,1.0639775463419088,0.9596143447673529,0.6
2019-08-16,0.916536095046658,1.0304137176100912,1.1455039391367303,1.0530521606466108,0.9522164050683501,0.6
2019-08-23,0.913039406337262,1.0266249544996648,1.1244442279096938,1.0378981130376073,0.9500367171953911,0.6
2019-08-30,0.9314464196775634,1.0318012087155983,1.1577939929637304,1.0668246596502544,0.9615284480489433,0.6
2019-09-06,0.9398147256194213,1.0363363513134929,1.1832386271273796,1.0858721057833869,0.9667115894868751,0.6
2019-09-13,0.9607580106514096,1.03736408385686,1.189105703208068,1.0963272149322238,0.9882542572174814,1.0
2019-09-20,0.9420380909679554,1.0354891452068726,1.1783597159671375,1.0907424584427368,0.9689985860527938,1.0
2019-09-27,0.932140330641,1.0313971133000828,1.1550765865507984,1.0797040426160975,0.9588175584978946,1.0
2019-10-04,0.9501496464100112,1.0333603123746984,1.1660696621401376,1.076138787473271,0.9699323966450565,0.6
2019-10-11,0.955256822078476,1.035877903500973,1.1802742266026325,1.0827953722082224,0.9751459071219775,1.0
2019-10-18,0.9737919647197674,1.0365066629367543,1.183856253761807,1.0886025399561514,0.9940669638125232,1.0
2019-10-25,1.0144321651033394,1.0407783496218066,1.2082509980362035,1.1018537653540754,1.035553320311322,1.0
2019-11-01,1.011152224950278,1.0442149777480398,1.2281990944051828,1.118024906144941,1.0322050896136301,1.0
2019-11-08,1.019326538287028,1.046693328474977,1.2427741971536963,1.1275650942306394,1.0405495976136048,1.0
2019-11-15,1.0297496461122642,1.0484410332249992,1.2531497403452017,1.1375462778287748,1.0511897215052666,1.0
2019-11-22,1.0148739264901594,1.0473249539630605,1.246479768487076,1.1338388895207896,1.0360042794652642,1.0
2019-11-29,1.0215349551549449,1.0507186586085977,1.2666749532044634,1.1450267365210678,1.0428039951956942,1.0
2019-12-06,1.0275896280090642,1.050616193200688,1.266057326570036,1.14682391560939,1.0489847303825004,1.0
2019-12-13,1.058065253575633,1.0528609268866298,1.2795825394292974,1.155168387305666,1.0800948788277736,1.0
2019-12-20,1.1353043658436326,1.0574547159997707,1.3074975858940636,1.1742777775107776,1.1589421610005326,1.0
2019-12-27,1.1577841076003066,1.059352743908223,1.319231738055441,1.18113123047449,1.181889945994607,1.0
2020-01-03,1.1709721398095383,1.0599180944599704,1.322751946009217,1.1792465642845078,1.1953525618426084,1.0
2020-01-10,1.1831825139494967,1.0641245115441973,1.348999475950303,1.190365169204327,1.2078171641273647,1.0
2020-01-17,1.2125231000346957,1.068947502432416,1.379570203859196,1.2137944464291468,1.237768640811183,1.0
2020-01-24,1.2058391785557665,1.068296689676212,1.3753705500655933,1.2013452009631236,1.2309455556229287,1.0
2020-01-31,1.292191300263348,1.0648140619689432,1.3529521356320906,1.1758453363322807,1.3190955861783027,1.0
2020-02-07,1.3591201196466205,1.0746616495333108,1.4155138311519604,1.2130981096200033,1.3874179082823186,1.0
2020-02-14,1.4439897427794544,1.07976301260049,1.4491106845544055,1.2322184468378352,1.4740545736524704,1.0
2020-02-21,1.4222937454511866,1.0757410563227388,1.422122078041281,1.2167581498729705,1.4519068511692579,1.0
2020-02-28,1.2149054223041118,1.052877996025722,1.2709980569356767,1.076944416409412,1.2402005646213812,1.0
2020-03-06,1.208455002529774,1.0544680575235232,1.284708538937948,1.0835609510978252,1.2362497315280494,0.6
2020-03-13,1.1294401791672295,1.043340428431713,1.1878705441758064,0.9882872303897616,1.1877504225934867,0.6
2020-03-20,1.0100442730147925,1.0269064878420957,1.0542243013746575,0.8402457043655085,1.1124144071386166,0.6
2020-03-27,1.0740820149785049,1.0392029012935222,1.144392324278673,0.9264787055682558,1.1547312690807756,0.6
2020-04-03,1.0426672851969734,1.037687554430635,1.1324728087376923,0.9072234441936422,1.134467134527224,0.6
2020-04-17,1.1478312208816543,1.0629764130264336,1.3296071870103523,1.0479048396654236,1.2031208827356568,0.6
2020-04-24,1.1390915115588842,1.0619741195412689,1.320652166230713,1.034117744644819,1.193960192031332,1.0
2020-05-01,1.1646599506932458,1.0612093297169272,1.313858744434976,1.0319195310904952,1.220760232404757,1.0
2020-05-08,1.2140224768112016,1.0696734606689473,1.3887104937818455,1.0680422700651178,1.2725004925725194,1.0
2020-05-15,1.2352061094445226,1.068614540615216,1.3788908522559629,1.0439458480650754,1.2947045155418309,1.0
2020-05-22,1.263011624751091,1.0728962733084957,1.418354781739097,1.0773927989304324,1.3238493893803929,1.0
2020-05-29,1.2478833714687625,1.075316197554429,1.4412055536640178,1.109786255571629,1.3079924261682376,1.0
2020-06-05,1.3489888728814834,1.0802748369608632,1.4802989448611326,1.1643293459507,1.4139680590802524,1.0
2020-06-12,1.320704487387434,1.0773556765602774,1.4567688213329786,1.108692622300827,1.3843212484480254,1.0
2020-06-19,1.3420631776675,1.0827013487232562,1.5083992604689085,1.129263839204581,1.406708761382281,1.0
2020-06-26,1.3105822802948888,1.0802064873042885,1.4835721587030934,1.096932415635467,1.3737114667041015,1.0
2020-07-10,1.4635817186887643,1.0951581422540646,1.6302495319032804,1.161088585184936,1.5340807056912664,1.0
2020-07-17,1.4425910116588718,1.0919490558182987,1.6021493105320983,1.1755573319976198,1.51207890132176,1.0
2020-07-24,1.4154982247898271,1.0891869716337743,1.578310279450137,1.172239942142813,1.4836810872000834,1.0
2020-07-31,1.4277731445573625,1.0965989575263717,1.641489695841028,1.1924685976485103,1.4965472752228162,1.0
2020-08-07,1.4701563480868365,1.100582834097918,1.67656870238755,1.221690446604299,1.5409720271513954,1.0
2020-08-14,1.5250322247792307,1.1011423101645794,1.680830081149958,1.2295536947413932,1.5984912094196162,1.0
2020-08-21,1.603063705500423,1.1089995134851656,1.7407979144311,1.2384157020390458,1.6802813735644289,1.0
2020-08-28,1.705079727433353,1.1173877343528138,1.806632918029524,1.2788254869952158,1.7872113856848966,1.0
2020-09-04,1.629618923115698,1.1105503953419933,1.751358632529021,1.249279143662365,1.7081157243620895,1.0
2020-09-11,1.5794929607726902,1.1018091060580533,1.6702693630520369,1.2179319722369517,1.655575254156225,1.0
2020-09-18,1.551648576704461,1.0993296673716526,1.6481595734625607,1.2100942671295385,1.6380638852389375,0.6
2020-09-25,1.5008221631521432,1.1026140231107655,1.6771245098165788,1.2024351852296853,1.6058696447235628,0.6
2020-10-02,1.5322560022602048,1.1045122115790178,1.694108205660811,1.2206478103927556,1.6260500428866902,0.6
2020-10-09,1.5832686461343377,1.1123155856414,1.7645133071022634,1.267571957918615,1.6585312124707312,0.6
2020-10-16,1.6140771233247255,1.1144957712142187,1.781805910500303,1.2700035297441017,1.6908042074256349,1.0
2020-10-23,1.565321663955047,1.112020002554318,1.7585226868473705,1.2632885609413078,1.6397310990555602,1.0
2020-10-30,1.480843551013791,1.10182226440349,1.6636611161627162,1.1920456691570676,1.5512372181050418,1.0
2020-11-06,1.5283216652906553,1.116269712317168,1.8194786850489593,1.279346760600936,1.581078243996519,0.6
2020-11-13,1.620302009495527,1.1134810326594695,1.7967514572982426,1.3069464046717223,1.6762336843729901,1.0
2020-11-20,1.6059342211834766,1.1130600372371466,1.7933547935186709,1.296881382976167,1.6613699302102105,1.0
2020-11-27,1.6430558983300656,1.1196759979745925,1.8466527491782805,1.326340239207358,1.69977302129377,1.0
2020-12-04,1.6432275362904776,1.1245514651986257,1.8868576609968593,1.348493610949576,1.6999505840747045,1.0
2020-12-11,1.6072223212524066,1.1218497862203085,1.8641922524515415,1.3354938998439116,1.6627024945789086,1.0
2020-12-18,1.6156775366979237,1.127952404721228,1.9148962516358297,1.3522446983083394,1.6714495780580059,1.0
2021-01-08,1.7485335772130477,1.1344787122274598,1.970293987073943,1.3942657411367911,1.8088917147577004,1.0
2021-01-15,1.755896037006333,1.1293793625542168,1.9260127771627793,1.3736945242330372,1.8165083214353588,1.0
2021-01-22,1.723575672844068,1.139200703273912,2.009758010793671,1.4003864562490622,1.783072281251185,1.0
2021-01-29,1.652622688154825,1.1315971526591997,1.9426877539263911,1.3540054763543634,1.7096700499104116,1.0
2021-02-05,1.7027095401640115,1.1400582239646089,2.0464426204218804,1.4169222304636315,1.7614858644869442,1.0
2021-02-12,1.7353126535284609,1.14356071505183,2.077878063313609,1.4344203627964616,1.7952144141749966,1.0
2021-02-19,1.754761715211828,1.1332929618880851,2.0443428406433757,1.4241693308847625,1.8153348436579286,1.0
2021-02-26,1.6747324519857514,1.0946621644329273,1.940093985924257,1.3893334444054624,1.7325430270898132,1.0
2021-03-05,1.805788047237162,1.1803245646502578,1.906373494111014,1.400557781448142,1.8138907518961398,0.6
2021-03-12,1.8308470461259037,1.1967039797201378,1.948246016689866,1.437522639401307,1.8289936161793348,0.6
2021-03-19,1.8297645149164896,1.1959964004555466,1.9339180965263545,1.4264988195916284,1.8283447549840133,0.6
2021-03-26,1.8361686037386096,1.2001823310039934,1.951581049737226,1.4488964076176256,1.8321842268219213,0.6
2021-04-09,1.8164234077002048,1.1872761984411924,2.0819539844598203,1.505130944962158,1.8203628167411436,0.6
2021-04-16,1.853480000946893,1.2114976497672432,2.112215993288093,1.525789826967779,1.8574997773062905,1.0
2021-04-23,1.82554454692408,1.1931723460263468,2.0962204623643075,1.5238576347225716,1.8295037376404641,1.0
2021-04-30,1.8490948293172,1.2085647645460305,2.0873887972856844,1.524222179146172,1.8531050952371861,1.0
2021-05-07,1.9105869800932431,1.248755914045659,2.0639823121683283,1.5429707629320266,1.9147306084956148,1.0
2021-05-14,1.9134445245358511,1.2506235995054338,2.015748631048564,1.5215537780454902,1.9175943503018793,1.0
2021-05-21,1.8945268880689652,1.2382590693040203,2.0195776523195534,1.5149955384248155,1.9062191515924949,0.6
2021-05-28,1.9430753925213016,1.26999027687771,2.062314701408055,1.5325848068635457,1.9355280274551792,0.6
2021-06-04,1.95811350288038,1.279819156401454,2.072628519630755,1.5419828617840854,1.9445158467210675,0.6
2021-06-11,1.9791188841785905,1.2935482325420464,2.107460437828868,1.5483805452181936,1.9653753611162776,1.0
2021-06-18,1.9524703033163728,1.276651828905243,2.1160450145590826,1.5188561849108868,1.9389118350219092,1.0
2021-06-25,2.0300902625736392,1.3274047969667924,2.158226256218555,1.5605053853072577,2.015992780827949,1.0
2021-07-02,2.0585369390004,1.346005080630423,2.214921064130923,1.5866212196538572,2.044241916037432,1.0
2021-07-09,2.0389373900933165,1.3331896232503826,2.2295578918482426,1.592895014944007,2.0247784715627652,1.0
2021-07-16,2.0261659082123806,1.3248387993359636,2.208498086384612,1.577442104987726,2.0120956782175075,1.0
2021-07-23,2.0788987665229435,1.3593189652525628,2.2739625516970174,1.6082934568369969,2.064462345663981,1.0
2021-07-30,2.074799683186081,1.301946423651131,2.2515440430269207,1.6022674378347628,2.060391727441986,1.0
2021-08-06,2.078760657610198,1.3172253235853102,2.273036017508782,1.617308633312632,2.0643251958159192,1.0
2021-08-13,2.0796304776673877,1.324570203456838,2.2777915729680065,1.6287844846475712,2.06518897561342,1.0
2021-08-20,2.0784012658243163,1.334596955060495,2.2710598761410754,1.6191860014941335,2.0639682997413042,1.0
2021-08-27,2.087794847489546,1.3602714758880277,2.3223815019597915,1.6438657301719786,2.073296649900086,1.0
2021-09-03,2.09393541907538,1.3862185884011533,2.356534162791265,1.6533657792110354,2.0793945797386857,1.0
2021-09-10,2.0884696742885804,1.3707754963797143,2.325778165739363,1.6253505046572865,2.073966790524,1.0
2021-09-17,2.0854084157568606,1.3747575111380843,2.308732650689732,1.6160218698174127,2.0709267901782167,1.0
2021-09-24,2.084850566335823,1.3874314802600634,2.3056447059907805,1.6242203813440832,2.0703728146105616,1.0
2021-10-01,2.0701634138388507,1.327500424221033,2.2244317981029984,1.588334649644863,2.055787653570836,1.0
2021-10-08,2.109130923547958,1.336423194340577,2.2304842375632905,1.6008384521742811,2.079005799002698,0.6
2021-10-15,2.1797402769305765,1.3811638866059883,2.2785326495400455,1.6300130420751548,2.120766294809005,0.6
2021-10-22,2.244203236138243,1.422009996678679,2.310400261450005,1.6568179152224174,2.158397623439711,0.6
2021-10-29,2.3248110297687186,1.4255818910651594,2.384572564957048,1.6788655548417748,2.2359234318874894,1.0
2021-11-05,2.555268779978686,1.5668993534946247,2.461709551698619,1.7124582878765304,2.457569783851762,1.0
2021-11-12,2.551105417210468,1.564346365534611,2.437623620741437,1.7071068896582058,2.4535656044798877,1.0
2021-11-19,2.5351789779719915,1.5545802197804848,2.494997497547257,1.7126151060587531,2.4382481020145863,1.0
2021-11-26,2.441436250700657,1.4970968662064228,2.416008007848778,1.6749431422839314,2.3480895653459664,1.0
2021-12-03,2.373774268910901,1.4790503017478729,2.3661685351741384,1.6544594124818373,2.283014594264678,1.0
2021-12-10,2.507972965963501,1.5626667710850712,2.4580657995706394,1.7177406220146028,2.3604552139347925,0.6
2021-12-17,2.430327603185317,1.5142875301646253,2.3771616107634777,1.6844285953060278,2.287376913691946,1.0
2021-12-31,2.4735622867270224,1.5412261791237245,2.4570776346501924,1.7374844049568785,2.3117918979618346,0.6
2022-01-07,2.3907648740904817,1.4788813866275772,2.345973256220157,1.704985127192718,2.234409416537189,1.0
2022-01-14,2.463072208774716,1.520705888267014,2.346899790408392,1.6998160011861934,2.2749564877914352,0.6
2022-01-21,2.4011509112694003,1.482475550808775,2.171998557426225,1.603244480970087,2.2406412313429223,0.6
2022-01-28,2.3596382182159683,1.4568455280513102,2.1726778147928645,1.61560623933445,2.217398614335457,0.6
2022-02-04,2.41655518662809,1.4919861823521756,2.2110302236545345,1.6406430364272084,2.2494902136106973,0.6
2022-02-11,2.461626151115312,1.519813089270056,2.143404159358226,1.6107906217387025,2.2746632435732703,0.6
2022-02-18,2.4348920978678437,1.503307429368638,2.1091280485891417,1.5853563501840788,2.259841098079034,0.6
2022-02-25,2.4263844817487876,1.4980548095383004,2.1354372092624394,1.598399671340418,2.2551035097720966,0.6
2022-03-04,2.592323206232415,1.6005057220672925,2.0831274185232767,1.5780654617120664,2.3476384734940274,0.6
2022-03-11,2.6070405674366293,1.6095922513875738,2.0034584829849704,1.5326577869483484,2.3556354030377484,0.6
2022-03-18,2.5822621482230645,1.5942940039932103,2.17076330415737,1.6270055505804497,2.3422020282924887,0.6
2022-03-25,2.6960846086764785,1.6645682270597977,2.219305892830942,1.6561472104430586,2.4454429784503495,1.0
2022-04-01,2.726848748752121,1.683562070924316,2.2347456163256982,1.6571678636290574,2.4733471288223123,1.0
2022-04-08,2.750778466738959,1.6983363284217263,2.1563117455830603,1.6361773672381008,2.4950522194707605,1.0
2022-04-22,2.6910701409683733,1.661472284300558,2.009634372382873,1.5572534995285665,2.440894680964436,1.0
2022-04-29,2.6761145009033283,1.6522386411175878,1.9345973538929937,1.5062721042881853,2.4327555079872387,0.6
2022-05-06,2.725285835867798,1.6825971252692222,1.9098937963013831,1.5031405466493153,2.459575399870681,0.6
2022-05-13,2.6737531851026892,1.6507807598466702,1.86474805988057,1.4668866215222542,2.4316704135142766,0.6
2022-05-20,2.654553081049277,1.6389265757974385,1.7828557061529615,1.4222190716185612,2.4211933825250567,0.6
2022-05-27,2.752365038853339,1.6993158813345084,1.9089674505863352,1.5158632894331423,2.4747214132864697,0.6
2022-06-03,2.7585844417376424,1.703155753569667,1.891057409027055,1.4977453603801087,2.4780766272813515,0.6
2022-06-10,2.69958367858818,1.666728560077736,1.7838438710734086,1.4220367994067609,2.446275879780503,0.6
2022-06-17,2.6080622130128925,1.6102230174844874,1.696455073787724,1.3396424616645404,2.3965155951496353,0.6
2022-06-24,2.694700661580748,1.6637137752536224,1.8194786850489593,1.426003000015486,2.4442821841741917,0.6
2022-07-01,2.705798448771045,1.6705655720734218,1.7424037059859745,1.3945027484121937,2.450322066206303,0.6
2022-07-08,2.7064535531017895,1.6709700348454195,1.8240489713651744,1.4214971917797368,2.4506780165760773,0.6
2022-07-15,2.7037018169692617,1.6692711072521549,1.802556808410126,1.4082934034369348,2.4481863354461075,1.0
2022-07-22,2.654555182601856,1.638927873300358,1.8650567789611905,1.4441900821488756,2.4214851397884467,0.6
2022-07-29,2.761263941749234,1.7048100824321029,1.948246016689866,1.5056742015934224,2.5188248659520505,1.0
2022-08-05,2.770623681887458,1.734258215745489,1.987092413775166,1.51110587790503,2.527362820561371,1.0
2022-08-12,2.7832716973139027,1.8093211647514629,2.0404521886401743,1.560304779074153,2.538900339767482,1.0
2022-08-19,2.77058480213383,1.7605930472513296,1.993947560539708,1.5414687971867422,2.5273273544515433,1.0
2022-08-26,2.677119760639875,1.6903785653732295,1.8987154515690343,1.4791972938272555,2.4420685470435575,1.0
2022-09-02,2.4893524692652744,1.6259243582320249,1.822937356507117,1.430567103318974,2.3392997572782743,0.6
2022-09-09,2.5275370459487543,1.6508646726732228,1.896553852585131,1.4827334459362642,2.3608294937226604,0.6
2022-09-16,2.452882365567997,1.602103854434042,1.7868083658347491,1.4120008807450235,2.318991063325806,0.6
2022-09-23,2.323000204708245,1.5226747419563658,1.701519348327569,1.3463463944545104,2.245315560281583,0.6
2022-09-30,2.329935499547461,1.527220672799717,1.6505682607948724,1.3071178188709056,2.2493375811284357,0.6
2022-10-07,2.488659497776265,1.6312607079901922,1.6619318746702307,1.3268177247621962,2.341277599462597,0.6
2022-10-14,2.47774449886976,1.6241061700311636,1.6103013412977076,1.3061882127907032,2.335116441025103,0.6
2022-10-21,2.570985237834998,1.6852233915690524,1.7009635408985402,1.3680440856672276,2.3878405171266643,0.6
2022-10-28,2.627535048799136,1.7222905294207749,1.7367836240171006,1.4221096904914603,2.4193534004841117,0.6
2022-11-04,2.661244994509656,1.7443866458059971,1.634634360603299,1.3745329942073392,2.4503924809417272,1.0
2022-11-11,2.799857279969392,1.8352439025408904,1.7784090582475442,1.4556003404075954,2.526970436618281,0.6
2022-11-18,2.7438359483978294,1.7985231711255891,1.7590168635441874,1.4455426167205203,2.4764091991887516,1.0
2022-11-25,2.810649687780342,1.8423180847752785,1.7719862689744204,1.4676996374669788,2.5367109672065036,1.0
2022-12-02,2.843055953688332,1.8635596681721316,1.8067563679671348,1.4843155117746247,2.5659587708344,1.0
2022-12-09,2.7952697346943576,1.832236869091768,1.7418478985569457,1.4342562466057585,2.5228300144011935,1.0
2022-12-16,2.7724041592628916,1.8172489951780144,1.693737667374792,1.404356394862131,2.502193022099853,1.0
2022-12-23,2.8516651970785123,1.86920283489722,1.651185698956113,1.4016077156681657,2.5451145597300737,0.6
2022-12-30,2.8605819011250664,1.8750475352143656,1.6445158213345803,1.3996683144145814,2.5498894610719853,0.6
2023-01-06,2.9173916458560036,1.9122850538437068,1.6600789947669476,1.4199297219583369,2.580273188799264,0.6
2023-01-13,3.0421739044945175,1.9940770369386869,1.735239651667625,1.4578459910170416,2.646491034495803,0.6
2023-01-20,2.9388973857616953,1.9263815859469369,1.745800369765546,1.4481928618001054,2.556647261759291,1.0
2023-01-27,3.1159303678317163,2.049952779354521,1.8296690533340485,1.4838999702917657,2.710654302305586,1.0
2023-02-03,3.1783686944555747,2.091030597563242,1.8909337706162577,1.5079307102154853,2.7649715362332166,1.0
2023-02-10,3.0841453937174412,2.0290416265572873,1.850914127940688,1.4911543687213764,2.6830034671903307,1.0
2023-02-17,3.074676016202443,2.022811777214044,1.8599308736891336,1.487009544905091,2.674765732109284,1.0
2023-02-24,2.9397240768463013,1.93402766765292,1.8024333584725152,1.4472559577114228,2.557366428582882,1.0
2023-03-03,3.0744673231069597,2.022674479219347,1.8507904895298903,1.4748154627355676,2.6745841828542125,1.0
2023-03-10,2.982768676665318,1.9623464638449537,1.7820528103755244,1.4077211327719563,2.594812396854514,1.0
2023-03-17,3.162630078887525,2.080676252337816,1.8858694960764124,1.4277892320910877,2.6886929447869647,0.6
2023-03-24,3.236715558234754,2.1379937316208095,1.9200223453810736,1.4476022571138227,2.7516763164312774,1.0
2023-03-31,3.3956877079810086,2.2430018651885124,1.982028139235321,1.4980260667062897,2.8868256341759317,1.0
2023-04-14,3.266726858477169,2.1578175223251947,1.967453130723401,1.508353638706928,2.777190261854211,1.0
2023-04-21,3.327435318254987,2.138766369229411,1.955348251802817,1.506851672961644,2.828801232287692,1.0
2023-04-28,3.3390241675910155,2.146215301769732,1.992094869109612,1.5199606761943056,2.838653430196003,1.0
2023-05-05,3.355333069272578,2.156698129262795,1.994133018155905,1.5078468721180651,2.8525183552092583,1.0
2023-05-12,3.3839573053592686,2.1352409212296433,2.007349323461359,1.503410394962879,2.87685309550341,1.0
2023-05-19,3.5712654371745125,2.240135149091384,2.0782486015996287,1.5281629257253198,3.0360920959400413,1.0
2023-05-26,3.982773534691915,2.507595442955177,2.151679828534633,1.533073417431311,3.385933490892857,1.0
2023-06-02,4.05932265107786,2.5557915589882945,2.1902791372715247,1.5611141460146376,3.451011310309842,1.0
2023-06-09,4.175446306660931,2.628904214534232,2.1893527915564768,1.5671253909997045,3.549733211291351,1.0
2023-06-16,4.4229607535650795,2.7152709734559655,2.272294940936744,1.6074913879049928,3.760156286556012,1.0
2023-06-23,4.409293602170313,2.7068806617304713,2.239006995088106,1.585159481955318,3.7485372313349314,1.0
2023-06-30,4.446678097402335,2.729831133239628,2.281497144301386,1.6223611691836786,3.780319458806226,1.0
2023-07-07,4.414129808184893,2.7098496254054165,2.2618576727764332,1.603612763398031,3.7526487058566413,1.0
2023-07-14,4.627220398627771,2.840666679226156,2.3410944392965085,1.6424257084986733,3.9338065247710143,1.0
2023-07-21,4.457170536306414,2.736272477937078,2.319849364689869,1.6536973935963717,3.789239549285138,1.0
2023-07-28,4.5457924001433465,2.7906777480485143,2.368330134158042,1.6704263870354616,3.864580949989215,1.0
2023-08-04,4.358943269424534,2.6514166686476495,2.2976779443681807,1.6324407868961943,3.705732166865024,1.0
2023-08-11,4.304137956283641,2.6180802125823694,2.2618576727764332,1.627344462974266,3.677776701615558,0.6
2023-08-18,4.100842394048957,2.4944215161840804,2.211771300226573,1.5929533990118496,3.573550161027515,0.6
2023-08-25,4.1475651549238135,2.5228415940175752,2.248147190774162,1.606076998261472,3.5979792095406142,0.6
2023-09-01,4.279220419889224,2.6029236098797814,2.3319540551372655,1.646198778882981,3.6665051357375433,0.6
2023-09-08,4.202431436807245,2.556215135571296,2.3010127889423533,1.624953208195628,3.6007110954189967,1.0
2023-09-15,4.250699025700784,2.5855748867397605,2.290081532558413,1.6223392751582375,3.6420675447725466,1.0
2023-09-22,4.047871349396597,2.4841380750039868,2.210412597020107,1.5748538039801203,3.4682815174432355,1.0
2023-09-29,3.991228616009919,2.449376997258984,2.2126358267362223,1.5631846444205568,3.4391620724294856,0.6
2023-10-06,3.847371926130512,2.361093588566475,2.2523469388043584,1.570639649083272,3.364787008613706,0.6
2023-10-13,3.839152700311018,2.3655756996211843,2.2559288717269395,1.577667987250201,3.3604740472277066,0.6
2023-10-20,3.827098305439144,2.358148127495639,2.1899704181909043,1.539894029356862,3.3541432001449083,0.6
2023-10-27,3.682942461968209,2.269323434420625,2.1325963529118965,1.5009643161205353,3.278338613450283,0.6
2023-11-03,3.8221861906751378,2.3551214233693503,2.2709362377302775,1.588808486195461,3.3527065565633722,0.6
2023-11-10,3.914927453269969,2.45843008559475,2.3368948797395,1.6095512062985018,3.43405639763711,1.0
2023-11-17,3.989614444463755,2.5053307621321887,2.3841403959388177,1.64556082614168,3.4995695758481293,1.0
2023-11-24,4.0116678931205065,2.519179514712161,2.405570739688467,1.6620819153391857,3.5189141964965716,1.0
2023-12-01,3.9567138028804942,2.484670372362744,2.408226326896,1.674946702288068,3.4707101244115535,1.0
2023-12-08,3.961239378710076,2.4875122671122347,2.4219986281036703,1.6784974504140373,3.4746798231648692,1.0
2023-12-15,3.9849402194898937,2.5023955212012283,2.503334985929063,1.7203543770517862,3.4954694865445393,1.0
2023-12-22,4.043892235838598,2.539415213731438,2.5221097424711796,1.7332738100641674,3.5471804189468195,1.0
2023-12-29,4.078399089006489,2.5610842451502163,2.529150158378731,1.7388149565029791,3.577448790787157,1.0
2024-01-05,4.066499344428511,2.553611644334342,2.450284118617862,1.7123527337538766,3.567010693405781,1.0
2024-01-12,4.061155802164835,2.550256096825104,2.5293972467271395,1.7439185784333882,3.56419837684835,0.6
2024-01-19,4.165090534748929,2.615523276504145,2.6011610513750583,1.7643257681465423,3.6554147751399215,1.0
2024-01-26,4.171629119866294,2.6196292668607035,2.617403670647252,1.7829759178180165,3.661153243595078,1.0
2024-02-02,4.275129133364661,2.6846234589832982,2.6495183709056205,1.8076335744702137,3.7519881187106847,1.0
2024-02-09,4.299097485396642,2.6996747002747123,2.699172385964062,1.8324225952750557,3.7730235001561776,1.0
2024-02-16,4.314602221294986,2.7114718086637692,2.659152743288493,1.8247525663624824,3.7866309452320066,1.0
2024-02-23,4.349265840325474,2.7332558390254884,2.6975049636769763,1.8550935916187536,3.8170528302082736,1.0
2024-03-01,4.405942105784592,2.7688735131772946,2.752037984132254,1.8726938960703072,3.86679370773076,1.0
2024-03-08,4.47750514036544,2.813846639518049,2.711338895616858,1.867812596398237,3.9295996832019386,1.0
2024-03-15,4.54104677943416,2.8135420384825336,2.6798420104661047,1.8654065676024316,3.985365829063737,1.0
2024-03-22,4.7049029308732,2.9150640427097496,2.7567935395914787,1.9080911952019688,4.071649023914473,0.6
2024-04-05,4.563986600888174,2.8504710503545647,2.7202940106330917,1.8972130685615856,3.9496992523958805,1.0
2024-04-12,4.460111519005976,2.7855951119149576,2.7067069785684312,1.86771060227972,3.8598051818977694,1.0
2024-04-19,4.271924269169856,2.66806139531743,2.5608325011456814,1.8107759901217004,3.762090209661411,0.6
2024-04-26,4.3556847300233485,2.7203746007902017,2.6618083304960267,1.8591619643462023,3.8063486360583134,0.6
2024-05-03,4.275831518260186,2.6705016961755317,2.689476382848978,1.869307264135041,3.764479329735315,0.6
2024-05-10,4.338197154358297,2.7094526081260657,2.7301136521589746,1.9038989343305617,3.8193865792315864,1.0
2024-05-17,4.43447414729538,2.769583104812656,2.790019854707905,1.9332775124684696,3.9041496828040576,1.0
2024-05-24,4.271715150572919,2.667930788775654,2.828248625158777,1.9338061730827731,3.7608552437520086,1.0
2024-05-31,4.27844233292586,2.672132299477675,2.7835350577561946,1.92388675555641,3.7667779137185073,1.0
2024-06-07,4.318443228245584,2.697115149794314,2.8591897028805016,1.9492154729883795,3.8019950505394817,1.0
2024-06-14,3.667058834985088,2.7263845398637887,2.9594244556588083,1.98005952682917,3.2285105543264336,1.0
2024-06-21,3.668574038731834,2.683213888171124,2.9655385258513127,1.9920967908164708,3.229844552909073,1.0
2024-06-28,3.6669390680330314,2.756813408653154,2.9589302789619913,1.9905875270627065,3.2284051104581533,1.0
2024-07-05,3.6930380349363183,3.139544340851441,3.0642293062801436,2.029488048265112,3.251382868355136,1.0
2024-07-12,3.691043252041293,3.065726308110575,3.055953637103736,2.047044564665784,3.2496266441111343,1.0
2024-07-19,3.661832351558456,2.9062701753853606,2.9350296171478183,2.006817051921414,3.223909112772262,1.0
2024-07-26,3.64859632321372,2.831439246957468,2.8592515220859007,1.9900844984781871,3.216917243953471,0.6
2024-08-02,3.632907129173844,2.7843521941113107,2.771430367308798,1.9490586548061568,3.2086174758706885,0.6
2024-08-09,3.538342768997223,2.7706448800052783,2.7816823663260988,1.9481837837895568,3.158505400686498,0.6
2024-08-16,3.5783085989302137,2.9020911371314604,2.9337327331467513,2.024770864783745,3.179910724804723,0.6
2024-08-23,3.630593362404418,2.96307670208166,2.9644269109932546,2.054065604824233,3.2263742635182946,1.0
2024-08-30,3.6643771479961034,2.985359057531882,2.9413907756887303,2.0590926866657018,3.25639666632604,1.0
2024-09-06,3.586999570919834,2.922319735637618,2.7710598290227786,1.971609323010033,3.1876340707025674,1.0
2024-09-13,3.63617838471096,2.962385594379887,2.935647243782246,2.0509342251855696,3.2138561082519836,0.6
2024-09-20,3.6888430789629982,3.005291391367364,2.979496096201992,2.078832731603634,3.260404085662226,1.0
2024-09-27,3.7129160530266816,3.0249035841794623,3.006114164429097,2.091817846692338,3.2816811151566165,1.0
2024-10-04,3.711228311930874,3.0235285856562095,3.0096344666194663,2.0965204341567443,3.2801893959789448,1.0
2024-10-11,3.729459521579511,3.0397330087281564,3.0469367028821037,2.1198366812502236,3.296303150116106,1.0
2024-10-18,3.796957453986883,3.0947478686488497,3.053792038119833,2.1379327162778163,3.355961566016143,1.0
2024-10-25,3.8958394751554537,3.175342641692145,3.059041581802687,2.117317800323284,3.443358980033325,1.0
2024-11-01,3.6880814039525136,3.006007363158862,3.010313723986106,2.0884020227231503,3.2597308750476848,1.0
2024-11-08,3.907411765455335,3.184774751789491,3.17527186550478,2.185640687714479,3.376044677198564,0.6
2024-11-15,3.880853477760672,3.146923067470676,3.0667614435500656,2.1401018267983227,3.3530980385566482,1.0
2024-11-22,3.972520882312918,3.221254724559436,3.1237031513376556,2.17608955261606,3.432299635876698,1.0
2024-11-29,4.072559771288218,3.302374686744188,3.1480978013754584,2.1990704473198597,3.518734283390373,1.0
2024-12-06,4.170892514339101,3.3821111620241173,3.2514821295849283,2.2201739738421575,3.6036948029614613,1.0
2024-12-13,4.126730146182117,3.298617247076481,3.2764947832035336,2.20589105924541,3.565538054479773,1.0
2024-12-20,4.125674802465798,3.297773679685126,3.203186629259765,2.1620583303117797,3.5646262264590884,1.0
2024-12-27,4.132960872542406,3.3035976506177396,3.227272748690135,2.176636369251461,3.570921467292751,1.0
2025-01-03,4.22175194205929,3.374570974028704,3.2026928295093224,2.1662943792340688,3.647637881026104,1.0
2025-01-10,4.090790404815744,3.2698895506856074,3.1323493588000817,2.1242149523377747,3.5344857416386914,1.0
2025-01-17,4.136096780115809,3.3061042741284714,3.22220847415029,2.1860490201889613,3.557972851217549,0.6
2025-01-24,4.2494201207411795,3.3966869661489336,3.270936331966871,2.2241731044891475,3.655456394468454,1.0
2025-01-31,4.066785434249871,3.2507016689683095,3.2256051379298616,2.2020414487721633,3.4983495155021185,1.0
2025-02-07,3.9932267538449553,3.1919040439090787,3.22949597840625,2.1967411366132006,3.435072517461287,1.0
2025-02-14,4.180538943057249,3.341628207117316,3.3235550302598416,2.229054226161011,3.5962031000732355,1.0
2025-02-21,4.140841006310911,3.3098964741989505,3.249011999993592,2.192052967165548,3.5620539520475294,1.0
2025-02-28,4.142653155346146,3.311344978426306,3.138401798260374,2.170679770329893,3.5636128075125955,1.0
2025-03-07,4.088163073232371,3.267789446979356,3.0372406997670187,2.1034943042603818,3.53548857689689,0.6
2025-03-14,3.999183819026865,3.196665701990644,2.9623271312147503,2.0556441106584566,3.4893184318431154,0.6
2025-03-21,4.032307764376008,3.2231426494888926,2.9696146354707103,2.066077414781956,3.5066589690535683,0.6
2025-03-28,4.064170886357368,3.2486117836436064,2.8961215893303067,2.0345005340896205,3.5232846497813792,0.6
2025-04-04,3.905267186023428,3.121595364353205,2.6103632547397,1.849727597383468,3.4406311909822844,0.6
2025-04-11,3.9975804076668178,3.195384047950022,2.8063241047123104,1.9551829299225645,3.4894292477497735,0.6
2025-04-25,3.949385028780714,3.1568600586433395,2.9184782787950043,2.0141844804823665,3.464187824557532,0.6
2025-05-02,3.9520572382110633,3.1589960345376933,3.0189599314485323,2.073043808876906,3.4665317427386726,1.0
2025-05-09,3.9051585069081343,3.121508493927613,3.013648757033466,2.0632886855414525,3.4253947017100446,1.0
2025-05-16,3.982898775283722,3.183648585712706,3.220788140211612,2.172094159973414,3.493584277864813,1.0
2025-05-23,3.9204508339041535,3.133732102399727,3.145009856676507,2.1153856080780766,3.4388083072721023,1.0
2025-05-30,4.003320317870763,3.199972127646225,3.205965854878096,2.1550736021955257,3.5114969550723205,1.0
2025-06-06,4.156262709271325,3.322223496699216,3.2727272041915683,2.1873977277561596,3.645649782990471,1.0
2025-06-13,4.118709525528942,3.2922061281804966,3.2544468128194564,2.17887116184829,3.6127101529099117,1.0
2025-06-20,4.049352960299771,3.236767377848206,3.253643917042019,2.175542735980659,3.551874309590224,1.0
2025-06-27,4.232737088362865,3.383351725804334,3.384943385952848,2.2503581809162063,3.7127289892488937,1.0
2025-07-11,4.320852070067934,3.418517581120421,3.4226779797069034,2.2819569556339823,3.7900187051310774,1.0
2025-07-18,4.36198210932558,3.4252364182710457,3.466279743778241,2.295459695324166,3.826095760212207,1.0
2025-07-25,4.375030604669619,3.4354827192268633,3.497838448134394,2.328943136231924,3.837541197506927,1.0
2025-08-01,4.342431435797882,3.409884296852291,3.4207016498660097,2.2740316744248057,3.808946962436605,1.0
2025-08-08,4.431125854386636,3.4795313850414145,3.548357178175672,2.3292384385750657,3.886744929143393,1.0
2025-08-15,4.467815290462642,3.5374985361892484,3.5655881508414997,2.3512385521391974,3.9189269262943824,1.0
2025-08-22,4.3920208620104955,3.477486502953871,3.5324232779840985,2.3574760353871533,3.8524441361131765,1.0
2025-08-29,4.3126988778752615,3.4146814439880244,3.5227274633422008,2.3550516725700437,3.782867164088786,1.0
2025-09-05,4.359511947585152,3.4517468002767613,3.557682831477925,2.36279468156742,3.8239290673819255,1.0
2025-09-12,4.367369163525852,3.4579679370252028,3.6231471083171423,2.400266217109344,3.8308209939979263,1.0
2025-09-19,4.403647355924483,3.486692054779064,3.701519159854382,2.4294552250269716,3.862642270345625,1.0
2025-09-26,4.410522973329262,3.4676179795520903,3.680644623533761,2.421923858275523,3.868673191597004,1.0
2025-10-03,4.5199895509731,3.553682211638218,3.725172921793334,2.448203808812826,3.9646913773920813,1.0
2025-10-10,4.408365472213276,3.4659217204676382,3.640686800063591,2.3886808956472008,3.8667807478258847,1.0
2025-10-17,4.4547735019149,3.5024083954406664,3.7298048388417606,2.42932759887867,3.907487371840131,1.0
2025-10-24,4.501239736975522,3.5619583952266134,3.811141196667154,2.4758726949640715,3.94824505046022,1.0
2025-10-31,4.592631528530421,3.6042437932777864,3.8850667887721624,2.493556837513045,4.028409007446385,1.0
2025-11-07,4.4725598058645675,3.526658804069964,3.76568674116572,2.4529464463237707,3.9230885596547664,1.0
2025-11-14,4.52159057002301,3.5881436280590715,3.760251928339855,2.454882198573115,3.9660957050682044,1.0
2025-11-21,4.314582632249662,3.558538155127472,3.64420710225396,2.407083269030758,3.7845194919627967,1.0
2025-11-28,4.525090558826439,3.592689909955639,3.8244195096511935,2.496797509278706,3.8953072208227386,0.6
2025-12-05,4.705471243891463,3.5968626100975554,3.8628951799772873,2.50456597230566,4.050583270195984,1.0
2025-12-12,4.780751252989411,3.647150636271851,3.789649222185292,2.488894300095177,4.1153861198209185,1.0
2025-12-19,4.7269096399783175,3.5922324704704898,3.810832477586533,2.491478863098439,4.08757722346187,0.6
2025-12-26,4.992037087237818,3.71716767613384,3.853075726924592,2.5262709615268575,4.316845180176501,1.0
